15000,2,0,0,2,0,4,41,0,,0,200,251
15001,2,0,2,2,0,4,43,0,,0,200,251
15002,2,0,0,2,0,4,41,0,,0,203,254
15003,2,0,2,2,0,2,41,0,,0,200,245
15004,2,0,0,2,0,4,41,0,,0,200,249
15005,2,0,0,2,0,2,41,0,,0,203,252
15006,2,0,2,0,0,2,41,0,,0,203,250
15007,2,0,0,2,0,4,41,0,,0,200,249
15008,2,0,2,2,0,2,41,0,,0,203,250
15009,2,0,0,2,0,2,41,0,,0,200,247
15010,2,0,0,0,0,4,41,0,,0,203,252
15011,0,0,2,2,0,4,43,0,,0,203,250
15012,2,0,0,2,0,4,41,0,,0,200,249
15013,2,0,2,0,0,4,41,0,,0,203,252
15014,2,0,0,0,0,4,41,0,,0,203,254
15015,2,0,2,0,0,4,41,0,,0,203,250
15016,0,0,0,2,0,2,43,0,,0,203,252
15017,2,0,2,2,0,4,41,0,,0,200,249
15018,2,0,0,0,0,2,41,0,,0,203,252
15019,2,0,2,2,0,2,41,0,,0,200,247
15020,2,0,0,2,0,2,41,0,,0,200,247
15021,2,0,0,2,0,2,41,0,,0,200,247
15022,2,0,2,2,0,2,43,0,,0,203,252
15023,2,0,0,2,0,2,41,0,,0,203,252
15024,2,0,2,0,0,2,41,0,,0,203,248
15025,2,0,0,2,0,4,43,0,,0,203,252
15026,2,0,0,2,0,2,41,0,,0,200,251
15027,2,2,2,0,0,4,41,0,,0,203,254
15028,0,2,0,0,0,4,41,0,,0,203,250
15029,2,0,2,2,0,2,41,0,,0,203,248
15030,2,0,0,2,0,2,41,0,,0,203,250
15031,2,0,0,0,0,4,41,0,,0,203,252
15032,2,0,2,0,0,2,41,0,,0,200,247
15033,2,0,0,2,0,2,41,0,,0,200,249
15034,2,0,2,0,0,2,41,0,,0,200,245
15035,2,0,0,2,0,4,41,0,,0,203,252
15036,2,0,0,2,0,4,41,0,,0,200,251
15037,2,0,2,0,0,2,43,0,,0,203,252
15038,2,0,2,2,0,4,41,0,,0,203,250
15039,2,0,0,2,0,4,41,0,,0,203,252
15040,2,0,0,0,0,4,41,0,,0,200,251
15041,2,0,2,0,0,4,41,0,,0,203,250
15042,2,0,0,2,0,4,41,0,,0,200,249
15043,2,0,0,2,0,2,41,0,,0,203,250
15044,2,0,2,0,0,4,41,0,,0,200,249
15045,2,0,0,2,0,4,41,0,,0,203,254
15046,2,0,2,0,0,4,41,0,,0,203,252
15047,2,0,2,2,0,4,41,0,,0,203,250
15048,2,0,0,2,0,4,41,0,,0,203,254
15049,2,0,2,0,0,4,41,0,,0,200,247
15050,2,0,0,0,0,2,41,0,,0,203,252
15051,2,0,2,2,0,4,41,0,,0,203,250
15052,0,0,0,0,0,4,41,0,,0,203,250
15053,2,0,0,2,0,4,41,0,,0,203,254
15054,2,0,2,0,0,2,41,0,,0,200,245
15055,2,0,0,2,0,4,43,0,,0,203,256
15056,2,0,2,2,0,4,41,0,,0,200,249
15057,2,0,0,0,0,4,41,0,,0,203,250
15058,2,0,0,2,0,2,41,0,,0,200,249
15059,2,0,2,2,0,2,41,0,,0,200,247
15060,2,0,0,0,0,4,41,0,,0,203,252
15061,2,0,2,2,0,4,41,0,,0,200,247
15062,2,0,0,2,0,2,41,0,,0,203,250
15063,2,0,0,0,0,2,41,0,,0,200,249
15064,2,0,2,0,0,2,41,0,,0,203,250
15065,2,0,0,2,0,4,41,0,,0,203,254
15066,2,0,2,2,0,2,41,0,,0,203,248
15067,0,0,0,2,0,2,41,0,,0,203,248
15068,2,0,2,2,0,4,41,0,,0,203,252
15069,2,0,0,0,0,2,41,0,,0,203,252
15070,2,0,2,0,0,2,41,0,,0,200,245
15071,2,0,0,2,0,4,41,0,,0,203,252
15072,2,0,2,2,0,4,43,0,,0,200,251
15073,2,0,0,0,0,4,41,0,,0,200,249
15074,2,0,0,0,0,4,41,0,,0,200,249
15075,2,0,2,2,0,4,41,0,,0,200,249
15076,2,0,0,2,0,4,41,0,,0,203,254
15077,2,0,2,0,0,4,41,0,,0,203,252
15078,2,0,0,2,0,2,41,0,,0,203,250
15079,2,0,0,2,0,4,41,0,,0,203,252
15080,2,0,2,2,0,4,41,0,,0,203,250
15081,2,0,0,2,0,2,41,0,,0,203,252
15082,2,0,2,0,0,4,41,0,,0,203,252
15083,2,0,0,0,0,4,43,0,,0,203,252
15084,2,0,0,2,0,4,41,0,,0,203,254
15085,2,0,2,2,0,4,41,0,,0,200,249
15086,2,0,0,0,0,2,41,0,,0,203,250
15087,2,0,2,2,0,2,41,0,,0,203,248
15088,2,0,0,2,0,4,41,0,,0,203,252
15089,2,0,2,0,0,2,41,0,,0,200,247
15090,2,0,2,0,0,4,41,0,,0,203,252
15091,2,0,0,0,0,4,41,0,,0,200,251
15092,2,0,2,0,0,4,41,0,,0,200,247
15093,2,0,0,2,0,2,41,0,,0,203,250
15094,2,0,2,2,0,4,41,0,,0,203,254
15095,2,0,2,0,0,2,41,0,,0,203,250
15096,2,0,0,0,0,2,41,0,,0,203,248
15097,2,0,0,2,0,2,41,0,,0,203,252
15098,2,0,2,2,0,2,41,0,,0,203,248
15099,2,0,0,0,0,2,41,0,,0,203,252
15100,2,0,2,2,0,4,41,0,,0,203,254
15101,2,0,2,0,0,2,41,0,,0,203,248
15102,2,0,0,2,0,2,41,0,,0,203,252
15103,2,0,2,2,0,4,41,0,,0,203,252
15104,2,0,0,0,0,4,41,0,,0,203,254
15105,2,0,2,2,0,4,41,0,,0,203,254
15106,2,0,2,2,0,2,41,0,,0,203,250
15107,2,0,0,2,0,4,41,0,,0,203,252
15108,0,0,2,2,0,2,41,0,,0,203,248
15109,2,0,0,2,0,2,41,0,,0,203,252
15110,2,0,2,0,0,4,41,0,,0,203,252
15111,2,0,2,2,0,2,41,0,,0,203,248
15112,2,0,0,2,0,2,41,0,,0,200,249
15113,2,0,2,0,0,4,41,0,,0,203,252
15114,2,0,0,0,0,2,41,0,,0,203,250
15115,2,0,0,2,0,2,41,0,,0,203,248
15116,2,0,0,2,0,2,41,0,,0,203,252
15117,2,0,2,2,0,2,41,0,,0,203,252
15118,2,2,2,0,0,4,41,0,,0,203,254
15119,2,2,0,2,0,4,41,0,,0,203,252
15120,2,0,0,0,0,2,41,0,,0,203,252
15121,2,0,2,2,0,2,41,0,,0,200,247
15122,2,0,2,2,0,2,41,0,,0,203,250
15123,2,0,0,2,0,4,41,0,,0,200,251
15124,2,0,2,0,0,2,41,0,,0,200,245
15125,2,0,0,2,0,2,41,0,,0,200,247
15126,2,0,2,2,0,2,41,0,,0,203,252
15127,2,0,2,0,0,2,41,0,,0,200,245
15128,0,0,0,0,0,4,41,0,,0,200,249
15129,2,0,2,2,0,2,41,0,,0,203,248
15130,2,0,0,0,0,2,41,0,,0,203,252
15131,2,0,2,2,0,4,41,0,,0,203,254
15132,2,0,2,0,0,2,41,0,,0,203,248
15133,2,0,0,2,0,4,43,0,,0,203,256
15134,2,0,2,2,0,2,41,0,,0,203,248
15135,0,0,0,0,0,4,41,0,,0,203,252
15136,2,0,2,2,0,2,41,0,,0,203,248
15137,2,0,0,0,0,2,41,0,,0,203,248
15138,2,0,0,2,0,2,41,0,,0,203,252
15139,2,0,2,0,0,2,41,0,,0,203,250
15140,2,0,0,0,0,2,41,0,,0,203,250
15141,2,0,2,2,0,4,41,0,,0,203,252
15142,2,0,0,2,0,2,41,0,,0,203,252
15143,2,0,2,0,0,4,43,0,,0,203,252
15144,2,0,0,2,0,2,41,0,,0,203,250
15145,2,0,2,2,0,2,41,0,,0,203,250
15146,2,0,0,0,0,4,41,0,,0,203,252
15147,2,0,2,0,0,2,41,0,,0,203,250
15148,2,0,2,2,0,4,43,0,,0,203,252
15149,2,0,0,0,0,4,41,0,,0,200,249
15150,2,0,2,0,0,4,41,0,,0,203,252
15151,2,0,0,0,0,2,41,0,,0,200,249
15152,2,0,2,0,0,4,41,0,,0,203,250
15153,2,0,0,2,0,4,41,0,,0,203,252
15154,2,0,0,2,0,2,41,0,,0,203,252
15155,2,0,2,0,0,4,41,0,,0,203,252
15156,0,0,0,2,0,2,41,0,,0,203,248
15157,2,0,2,2,0,2,41,0,,0,203,250
15158,2,0,0,2,0,4,41,0,,0,203,252
15159,2,0,0,0,0,4,41,0,,0,203,252
15160,2,0,2,2,0,2,41,0,,0,203,248
15161,2,0,0,2,0,4,41,0,,0,203,254
15162,2,0,2,0,0,2,41,0,,0,203,248
15163,2,0,0,0,0,2,41,0,,0,203,250
15164,2,0,0,2,0,2,41,0,,0,203,252
15165,2,0,2,0,0,2,43,0,,0,203,252
15166,2,0,0,2,0,2,41,0,,0,200,247
15167,2,0,2,2,0,2,41,0,,0,203,248
15168,2,0,0,2,0,4,41,0,,0,203,252
15169,2,0,0,0,0,4,43,0,,0,203,256
15170,2,0,2,0,0,4,41,0,,0,203,250
15171,2,0,0,2,0,2,41,0,,0,203,252
15172,2,0,2,2,0,2,43,0,,0,203,252
15173,2,0,0,0,0,4,41,0,,0,203,252
15174,2,0,2,2,0,4,41,0,,0,203,250
15175,2,0,0,2,0,4,41,0,,0,203,254
15176,2,0,2,0,0,4,41,0,,0,200,249
15177,2,0,0,0,0,4,43,0,,0,203,254
15178,2,0,2,2,0,4,41,0,,0,203,250
15179,2,0,0,2,0,4,41,0,,0,203,250
15180,2,0,0,0,0,2,41,0,,0,203,252
15181,2,0,2,0,0,2,41,0,,0,200,247
15182,2,0,0,0,0,4,41,0,,0,200,249
15183,2,0,2,2,0,2,41,0,,0,203,248
15184,2,0,0,2,0,2,41,0,,0,203,252
15185,2,0,2,0,0,4,41,0,,0,203,254
15186,2,0,2,0,0,2,41,0,,0,203,248
15187,2,0,0,2,0,4,41,0,,0,203,254
15188,2,0,2,2,0,4,41,0,,0,203,252
15189,2,0,0,0,0,4,41,0,,0,203,252
15190,2,0,2,2,0,4,41,0,,0,203,252
15191,2,0,0,2,0,4,41,0,,0,200,249
15192,2,0,2,0,0,2,41,0,,0,203,250
15193,0,0,0,2,0,4,41,0,,0,203,252
15194,2,0,2,0,0,4,43,0,,0,203,254
15195,2,0,2,2,0,2,41,0,,0,203,250
15196,2,0,0,2,0,4,41,0,,0,203,254
15197,2,0,2,0,0,2,41,0,,0,203,248
15198,0,0,0,2,0,2,41,0,,0,203,252
15199,2,2,2,2,0,4,43,0,,0,203,258
15200,2,2,2,0,0,4,41,0,,0,203,250
15201,2,0,0,2,0,2,41,0,,0,203,250
15202,2,0,2,2,0,4,43,0,,0,203,254
15203,2,0,0,0,0,4,41,0,,0,205,254
15204,2,0,2,0,0,4,43,0,,0,203,254
15205,2,0,0,2,0,2,41,0,,0,203,250
15206,2,0,2,0,0,4,41,0,,0,203,252
15207,2,0,0,2,0,2,43,0,,0,203,254
15208,2,0,2,0,0,2,41,0,,0,205,250
15209,2,0,0,2,0,4,41,0,,0,203,252
15210,2,0,0,2,0,2,43,0,,0,203,254
15211,2,0,2,0,0,4,41,0,,0,203,250
15212,2,0,0,2,0,4,41,0,,0,203,254
15213,2,0,2,2,0,4,43,0,,0,203,254
15214,2,0,0,0,0,4,41,0,,0,203,252
15215,2,0,2,2,0,4,41,0,,0,203,254
15216,2,0,2,2,0,4,41,0,,0,200,249
15217,2,0,0,0,0,2,41,0,,0,203,252
15218,2,0,2,2,0,4,41,0,,0,203,250
15219,2,0,0,2,0,2,41,0,,0,203,250
15220,2,0,2,2,0,2,41,0,,0,203,252
15221,2,0,2,0,0,4,41,0,,0,203,250
15222,2,0,0,0,0,4,41,0,,0,203,252
15223,2,0,2,2,0,4,41,0,,0,203,252
15224,2,0,0,0,0,4,41,0,,0,203,254
15225,0,0,2,0,0,4,41,0,,0,203,248
15226,2,0,0,2,0,4,41,0,,0,200,247
15227,2,0,0,2,0,2,41,0,,0,203,250
15228,2,0,0,0,0,4,41,0,,0,200,249
15229,2,0,2,0,0,4,41,0,,0,203,252
15230,2,0,0,2,0,4,41,0,,0,203,254
15231,2,0,2,0,0,4,43,0,,0,203,256
15232,2,0,2,2,0,2,41,0,,0,203,248
15233,2,0,0,2,0,2,41,0,,0,203,252
15234,0,0,2,2,0,4,41,0,,0,203,250
15235,2,0,0,0,0,2,41,0,,0,203,252
15236,2,0,2,2,0,4,41,0,,0,200,249
15237,2,0,2,2,0,4,41,0,,0,200,249
15238,2,0,0,2,0,4,43,0,,0,200,251
15239,2,0,2,0,0,4,41,0,,0,200,249
15240,2,0,0,2,0,4,41,0,,0,203,254
15241,2,0,2,0,0,4,41,0,,0,200,249
15242,2,0,2,2,0,4,41,0,,0,203,250
15243,2,0,0,2,0,4,41,0,,0,203,254
15244,0,0,2,0,0,4,41,0,,0,200,247
15245,2,0,0,0,0,4,41,0,,0,203,254
15246,2,0,2,2,0,4,41,0,,0,203,250
15247,2,0,0,2,0,2,41,0,,0,203,248
15248,2,0,0,2,0,4,41,0,,0,203,254
15249,2,0,2,0,0,4,41,0,,0,203,250
15250,2,0,0,0,0,2,41,0,,0,203,252
15251,2,0,2,2,0,4,41,0,,0,203,250
15252,2,0,0,0,0,4,41,0,,0,203,254
15253,2,0,2,2,0,4,41,0,,0,203,254
15254,0,0,2,0,0,2,41,0,,0,203,248
15255,2,0,0,2,0,4,41,0,,0,203,254
15256,2,0,2,2,0,4,43,0,,0,203,252
15257,2,0,0,2,0,2,41,0,,0,203,248
15258,2,0,0,2,0,4,41,0,,0,200,247
15259,2,0,0,0,0,4,41,0,,0,203,254
15260,2,0,2,0,0,4,41,0,,0,203,252
15261,2,0,0,0,0,2,41,0,,0,203,250
15262,2,0,2,2,0,4,41,0,,0,203,250
15263,2,0,0,2,0,2,41,0,,0,203,248
15264,2,0,0,0,0,4,43,0,,0,203,256
15265,2,0,2,0,0,4,41,0,,0,203,250
15266,2,0,0,0,0,4,41,0,,0,203,254
15267,2,0,2,2,0,4,41,0,,0,203,252
15268,2,0,0,0,0,2,41,0,,0,203,250
15269,2,0,0,2,0,4,41,0,,0,203,254
15270,2,0,2,2,0,4,41,0,,0,203,250
15271,2,0,0,2,0,4,41,0,,0,203,254
15272,2,0,2,2,0,2,41,0,,0,203,250
15273,2,0,0,0,0,4,41,0,,0,203,252
15274,2,0,0,2,0,4,41,0,,0,203,254
15275,2,0,2,2,0,4,41,0,,0,203,250
15276,2,0,0,2,0,2,41,0,,0,203,250
15277,2,0,2,2,0,4,41,0,,0,203,252
15278,2,0,0,0,0,4,41,0,,0,203,254
15279,2,0,2,0,0,2,41,0,,0,203,250
15280,0,0,0,2,0,2,41,0,,0,203,248
15281,2,0,2,2,0,4,41,0,,0,203,254
15282,2,2,0,2,0,4,41,0,,0,205,256
15283,2,2,2,0,0,2,41,0,,0,203,248
15284,2,0,0,2,0,4,41,0,,0,203,252
15285,2,0,0,0,0,2,41,0,,0,203,250
15286,2,0,2,0,0,4,43,0,,0,203,254
15287,2,0,0,2,0,4,41,0,,0,203,252
15288,2,0,2,0,0,4,41,0,,0,203,250
15289,2,0,0,2,0,4,41,0,,0,203,252
15290,2,0,0,0,0,2,41,0,,0,203,252
15291,2,0,2,0,0,4,41,0,,0,203,252
15292,2,0,0,2,0,4,41,0,,0,203,254
15293,2,0,2,2,0,4,41,0,,0,203,250
15294,2,0,0,2,0,2,41,0,,0,203,250
15295,2,0,2,2,0,4,41,0,,0,203,254
15296,2,0,2,0,0,4,41,0,,0,203,252
15297,2,0,0,0,0,4,41,0,,0,203,254
15298,2,0,2,2,0,4,41,0,,0,203,250
15299,2,0,0,2,0,4,41,0,,0,203,252
15300,2,0,2,2,0,4,41,0,,0,203,254
15301,2,0,2,0,0,2,41,0,,0,203,248
15302,2,0,0,0,0,2,41,0,,0,203,252
15303,2,0,2,2,0,4,41,0,,0,203,250
15304,2,0,0,0,0,2,41,0,,0,203,252
15305,2,0,2,2,0,4,41,0,,0,203,252
15306,2,0,2,0,0,4,43,0,,0,203,252
15307,2,0,0,2,0,4,41,0,,0,203,254
15308,2,0,2,0,0,4,41,0,,0,205,252
15309,2,0,0,0,0,4,41,0,,0,203,252
15310,2,0,0,2,0,4,41,0,,0,203,252
15311,2,0,2,0,0,4,41,0,,0,203,250
15312,2,0,0,2,0,2,41,0,,0,203,252
15313,2,0,2,0,0,2,41,0,,0,203,248
15314,2,0,0,0,0,4,41,0,,0,203,252
15315,2,0,0,2,0,4,41,0,,0,203,254
15316,2,0,2,0,0,2,41,0,,0,203,248
15317,2,0,0,2,0,2,41,0,,0,205,254
15318,2,0,2,2,0,4,41,0,,0,203,252
15319,0,0,2,0,0,2,41,0,,0,203,248
15320,2,0,0,2,0,2,41,0,,0,203,252
15321,2,0,2,0,0,2,41,0,,0,203,250
15322,2,0,0,2,0,4,41,0,,0,203,254
15323,2,0,2,2,0,2,41,0,,0,205,252
15324,2,0,2,2,0,4,41,0,,0,203,252
15325,2,0,0,2,0,4,41,0,,0,203,254
15326,2,0,2,0,0,4,41,0,,0,203,252
15327,2,0,0,2,0,4,41,0,,0,203,254
15328,2,0,2,2,0,4,41,0,,0,203,252
15329,2,0,2,2,0,4,41,0,,0,203,252
15330,2,0,0,2,0,4,41,0,,0,203,254
15331,2,0,2,0,0,4,41,0,,0,205,254
15332,2,0,0,2,0,4,41,0,,0,205,256
15333,2,0,2,2,0,2,41,0,,0,203,248
15334,2,0,0,2,0,4,41,0,,0,203,252
15335,2,0,0,2,0,4,41,0,,0,203,252
15336,2,0,2,0,0,2,41,0,,0,205,252
15337,2,0,0,2,0,2,41,0,,0,203,252
15338,2,0,2,0,0,4,41,0,,0,203,252
15339,2,0,2,2,0,2,41,0,,0,203,248
15340,2,0,0,2,0,4,41,0,,0,203,254
15341,2,0,2,0,0,4,38,0,,0,203,249
15342,2,0,0,0,0,4,41,0,,0,203,252
15343,2,0,2,2,0,2,41,0,,0,203,250
15344,2,0,0,2,0,4,41,0,,0,205,252
15345,2,0,0,0,0,4,41,0,,0,203,254
15346,2,0,2,2,0,4,41,0,,0,205,254
15347,2,0,0,0,0,2,41,0,,0,205,252
15348,2,0,2,2,0,2,41,0,,0,203,248
15349,2,0,0,2,0,2,41,0,,0,205,252
15350,2,0,0,0,0,2,41,0,,0,203,250
15351,2,0,0,0,0,2,41,0,,0,203,250
15352,2,0,2,2,0,2,41,0,,0,205,252
15353,2,0,0,2,0,4,41,0,,0,203,252
15354,2,0,2,0,0,4,41,0,,0,205,254
15355,2,0,0,2,0,4,41,0,,0,203,252
15356,2,0,0,0,0,2,41,0,,0,205,252
15357,2,0,2,2,0,4,41,0,,0,205,254
15358,2,0,0,2,0,4,41,0,,0,203,254
15359,2,0,2,0,0,4,41,0,,0,203,252
15360,2,0,0,2,0,2,41,0,,0,205,250
15361,2,0,0,2,0,4,41,0,,0,203,252
15362,2,0,2,2,0,4,41,0,,0,203,252
15363,2,0,0,0,0,2,41,0,,0,203,252
15364,2,0,2,0,0,2,41,0,,0,203,250
15365,2,0,0,2,0,4,41,0,,0,203,250
15366,2,0,0,2,0,2,41,0,,0,205,252
15367,2,0,0,2,0,2,41,0,,0,203,252
15368,2,0,2,0,0,2,43,0,,0,203,250
15369,2,0,0,2,0,4,41,0,,0,205,254
15370,2,0,0,2,0,4,41,0,,0,205,254
15371,2,0,2,0,0,2,43,0,,0,205,252
15372,2,0,0,2,0,4,41,0,,0,203,254
15373,2,0,2,0,0,2,41,0,,0,203,248
15374,2,0,0,0,0,2,43,0,,0,203,250
15375,2,0,0,2,0,4,41,0,,0,203,252
15376,2,0,2,0,0,2,41,0,,0,203,250
15377,2,0,0,0,0,2,41,0,,0,203,252
15378,0,0,2,0,0,2,41,0,,0,203,248
15379,2,2,0,2,0,2,41,0,,0,205,254
15380,2,0,2,2,0,4,41,0,,0,203,252
15381,2,0,2,0,0,4,43,0,,0,205,256
15382,2,0,0,2,0,4,41,0,,0,203,254
15383,2,0,2,0,0,2,41,0,,0,203,248
15384,2,0,0,2,0,4,41,0,,0,203,254
15385,2,0,2,2,0,2,41,0,,0,203,250
15386,2,0,0,0,0,2,41,0,,0,203,250
15387,2,0,2,2,0,4,41,0,,0,205,254
15388,2,0,0,2,0,2,41,0,,0,203,250
15389,2,0,2,0,0,4,41,0,,0,203,252
15390,2,0,0,2,0,2,43,0,,0,203,252
15391,2,0,0,0,0,2,41,0,,0,203,250
15392,2,0,2,2,0,2,41,0,,0,203,250
15393,2,0,0,2,0,4,41,0,,0,203,254
15394,0,0,2,0,0,4,43,0,,0,205,252
15395,2,0,0,2,0,4,41,0,,0,203,250
15396,2,0,0,2,0,4,41,0,,0,203,252
15397,2,0,2,0,0,4,41,0,,0,203,252
15398,2,0,0,0,0,4,41,0,,0,205,254
15399,2,0,2,0,0,4,41,0,,0,203,250
15400,2,0,0,2,0,4,41,0,,0,203,254
15401,2,0,2,0,0,2,41,0,,0,203,252
15402,2,0,2,0,0,2,43,0,,0,205,252
15403,2,0,0,2,0,4,41,0,,0,205,256
15404,0,0,2,2,0,2,41,0,,0,203,246
15405,2,0,0,0,0,4,41,0,,0,203,254
15406,2,0,2,2,0,4,41,0,,0,203,254
15407,2,0,2,0,0,4,41,0,,0,203,250
15408,2,0,0,2,0,4,41,0,,0,203,254
15409,2,0,2,2,0,4,41,0,,0,203,252
15410,2,0,0,0,0,4,41,0,,0,205,254
15411,2,0,2,2,0,4,41,0,,0,203,1585
15412,2,0,1333,2,0,4,41,0,,0,203,875
15413,2,0,623,0,0,4,41,0,,0,203,470
15414,2,0,218,2,0,4,41,0,,0,205,455
15415,0,0,203,2,0,4,41,0,,0,203,453
15416,2,0,203,2,0,2,41,0,,0,203,446
15417,2,0,198,0,0,4,41,0,,0,203,448
15418,2,0,196,2,0,4,41,0,,0,203,444
15419,2,0,194,0,0,2,41,0,,0,203,446
15420,0,0,196,2,0,4,41,0,,0,203,444
15421,2,0,194,0,0,4,41,0,,0,203,442
15422,2,0,192,2,0,2,41,0,,0,205,442
15423,2,0,192,2,0,4,41,0,,0,203,444
15424,2,0,192,0,0,2,41,0,,0,203,442
15425,0,0,192,0,0,4,41,0,,0,203,440
15426,2,0,192,2,0,4,41,0,,0,203,442
15427,2,0,192,2,0,4,41,0,,0,203,444
15428,2,0,192,0,0,4,41,0,,0,203,446
15429,2,0,194,0,0,4,41,0,,0,203,444
15430,2,0,192,2,0,4,41,0,,0,203,446
15431,2,0,194,2,0,4,41,0,,0,203,444
15432,2,0,194,2,0,4,41,0,,0,203,444
15433,2,0,192,2,0,2,43,0,,0,203,444
15434,2,0,192,0,0,4,41,0,,0,203,446
15435,2,0,194,2,0,2,41,0,,0,203,440
15436,2,0,192,2,0,2,41,0,,0,203,442
15437,2,0,192,2,0,4,41,0,,0,203,444
15438,2,0,192,0,0,4,43,0,,0,203,444
15439,2,0,192,2,0,4,41,0,,0,203,446
15440,2,0,194,2,0,2,41,0,,0,203,442
15441,2,0,192,0,0,4,41,0,,0,203,442
15442,2,0,192,2,0,4,41,0,,0,203,442
15443,2,0,190,2,0,4,41,0,,0,203,442
15444,2,0,190,0,0,2,41,0,,0,203,440
15445,2,0,192,2,0,2,41,0,,0,203,440
15446,0,0,190,2,0,4,41,0,,0,203,438
15447,2,0,190,0,0,4,41,0,,0,205,444
15448,2,0,190,2,0,4,41,0,,0,203,442
15449,2,0,190,0,0,4,41,0,,0,203,440
15450,2,0,190,2,0,4,43,0,,0,203,440
15451,2,0,188,2,0,2,41,0,,0,203,438
15452,2,0,190,0,0,2,41,0,,0,203,440
15453,2,0,190,0,0,2,41,0,,0,203,438
15454,2,0,188,0,0,2,41,0,,0,203,438
15455,2,0,188,2,0,2,41,0,,0,203,438
15456,2,0,188,2,0,2,43,0,,0,203,440
15457,2,0,188,2,0,2,41,0,,0,203,434
15458,2,0,186,2,0,4,41,0,,0,203,436
15459,2,0,186,2,0,4,43,0,,0,203,437
15460,2,0,183,0,0,4,41,0,,0,203,431
15461,2,0,181,0,0,4,43,0,,0,203,433
15462,2,0,181,2,0,4,41,0,,0,203,429
15463,2,0,179,0,0,4,43,0,,0,203,429
15464,2,0,177,0,0,2,41,0,,0,203,427
15465,2,0,177,0,0,4,41,0,,0,203,429
15466,0,0,177,0,0,4,41,0,,0,203,427
15467,2,0,177,2,0,2,41,0,,0,203,425
15468,2,0,175,2,0,4,41,0,,0,203,427
15469,2,0,175,2,0,2,41,0,,0,205,425
15470,2,0,173,2,0,2,41,0,,0,203,425
15471,2,0,175,2,0,4,41,0,,0,203,423
15472,2,0,173,2,0,4,41,0,,0,203,423
15473,2,0,173,2,0,2,41,0,,0,203,423
15474,2,0,173,0,0,4,41,0,,0,203,425
15475,2,0,173,0,0,2,41,0,,0,203,421
15476,2,0,171,2,0,2,41,0,,0,203,421
15477,2,0,173,2,0,4,43,0,,0,203,423
15478,2,0,171,2,0,2,41,0,,0,203,421
15479,2,0,171,0,0,2,41,0,,0,203,418
15480,2,0,168,0,0,4,43,0,,0,203,425
15481,2,0,171,2,0,2,41,0,,0,203,421
15482,2,0,171,2,0,2,41,0,,0,203,416
15483,2,0,168,2,0,4,41,0,,0,203,420
15484,2,0,168,2,0,4,43,0,,0,203,422
15485,2,0,168,0,0,4,41,0,,0,203,418
15486,2,0,168,2,0,2,41,0,,0,203,418
15487,2,0,168,2,0,4,41,0,,0,203,416
15488,2,0,166,0,0,2,41,0,,0,203,414
15489,2,0,166,2,0,2,41,0,,0,205,420
15490,2,0,168,0,0,4,43,0,,0,203,418
15491,2,0,166,0,0,4,41,0,,0,203,418
15492,2,0,166,2,0,4,43,0,,0,203,418
15493,2,0,166,0,0,4,41,0,,0,205,418
15494,2,2,164,2,0,2,43,0,,0,203,420
15495,2,2,166,0,0,4,41,0,,0,205,420
15496,2,0,166,0,0,2,43,0,,0,203,416
15497,2,0,166,2,0,2,41,0,,0,205,416
15498,2,0,164,2,0,4,41,0,,0,203,414
15499,2,0,164,0,0,4,41,0,,0,203,416
15500,2,0,164,2,0,2,41,0,,0,203,414
15501,2,0,164,0,0,2,41,0,,0,203,412
15502,2,0,164,2,0,4,41,0,,0,203,418
15503,2,0,166,2,0,4,41,0,,0,203,412
15504,2,0,162,0,0,2,41,0,,0,205,416
15505,2,0,164,2,0,2,41,0,,0,203,414
15506,2,0,164,0,0,4,41,0,,0,205,416
15507,2,0,164,2,0,2,41,0,,0,203,414
15508,2,0,164,2,0,2,41,0,,0,205,414
15509,2,0,164,0,0,4,41,0,,0,203,416
15510,2,0,164,2,0,2,41,0,,0,203,412
15511,2,0,162,0,0,4,41,0,,0,203,416
15512,2,0,164,2,0,4,41,0,,0,203,416
15513,2,0,164,2,0,4,41,0,,0,205,414
15514,2,0,162,2,0,2,41,0,,0,203,412
15515,2,0,164,2,0,4,41,0,,0,203,414
15516,2,0,164,0,0,4,41,0,,0,205,416
15517,2,0,162,0,0,4,41,0,,0,203,414
15518,2,0,162,0,0,2,41,0,,0,203,410
15519,2,0,162,2,0,2,41,0,,0,203,414
15520,0,0,164,2,0,2,41,0,,0,205,410
15521,2,0,162,0,0,4,41,0,,0,203,414
15522,2,0,162,2,0,4,41,0,,0,203,414
15523,2,0,162,0,0,4,41,0,,0,203,414
15524,2,0,164,2,0,4,41,0,,0,203,412
15525,2,0,162,2,0,2,41,0,,0,203,412
15526,2,0,162,0,0,4,41,0,,0,203,412
15527,2,0,162,0,0,2,41,0,,0,203,410
15528,2,0,162,2,0,2,41,0,,0,203,412
15529,2,0,162,0,0,4,41,0,,0,203,414
15530,2,0,162,0,0,4,41,0,,0,203,414
15531,2,0,162,2,0,4,41,0,,0,203,412
15532,2,0,162,2,0,4,41,0,,0,203,412
15533,2,0,162,2,0,4,41,0,,0,203,412
15534,2,0,160,0,0,4,41,0,,0,203,414
15535,2,0,162,0,0,4,41,0,,0,203,410
15536,2,0,160,2,0,4,41,0,,0,203,414
15537,2,0,162,2,0,2,41,0,,0,203,410
15538,2,0,160,0,0,4,41,0,,0,203,414
15539,2,0,162,2,0,2,41,0,,0,203,410
15540,2,0,162,2,0,4,41,0,,0,203,414
15541,2,0,162,2,0,4,41,0,,0,203,410
15542,2,0,160,0,0,2,41,0,,0,205,412
15543,2,0,160,2,0,2,41,0,,0,203,412
15544,2,0,162,0,0,2,41,0,,0,203,408
15545,2,0,160,2,0,4,41,0,,0,203,410
15546,2,0,160,2,0,4,41,0,,0,203,412
15547,0,0,160,0,0,2,41,0,,0,203,406
15548,2,0,160,0,0,4,41,0,,0,205,412
15549,2,0,160,2,0,4,43,0,,0,203,414
15550,2,0,160,0,0,2,41,0,,0,205,412
15551,2,0,160,0,0,4,41,0,,0,203,412
15552,2,0,160,2,0,2,41,0,,0,205,412
15553,2,0,160,2,0,2,41,0,,0,205,410
15554,2,0,160,2,0,70,41,0,,0,203,476
15555,2,0,158,2,0,1132,41,0,,0,203,1540
15556,2,0,160,0,0,1132,41,0,,0,203,1538
15557,2,0,160,2,0,1128,41,0,,0,203,1534
15558,2,0,158,2,0,1126,41,0,,0,203,1534
15559,2,0,160,0,0,1124,43,0,,0,203,1532
15560,2,0,160,2,0,1122,41,0,,0,203,1526
15561,2,0,158,2,0,1122,43,0,,0,203,1532
15562,2,0,160,0,0,1120,41,0,,0,203,1526
15563,2,0,158,0,0,1115,41,0,,0,203,1523
15564,0,0,160,2,0,970,41,0,,0,203,1372
15565,2,0,158,2,0,68,41,0,,0,203,474
15566,2,0,160,2,0,1290,41,0,,0,203,1696
15567,2,0,158,0,0,1158,41,0,,0,203,1564
15568,2,0,160,0,0,776,41,0,,0,203,1180
15569,0,0,158,2,0,1004,43,0,,0,203,1410
15570,2,0,158,0,0,2,41,0,,0,205,408
15571,2,0,158,0,0,60,43,0,,0,205,470
15572,2,0,160,2,0,529,41,0,,0,203,935
15573,2,0,158,0,0,987,41,0,,0,205,1395
15574,0,0,158,0,0,190,41,0,,0,205,598
15575,2,0,160,2,0,866,43,0,,0,205,1274
15576,2,0,158,2,0,1166,41,0,,0,203,1574
15577,2,0,160,2,0,1164,43,0,,0,203,1570
15578,2,0,158,0,0,1164,41,0,,0,205,1570
15579,2,0,158,2,0,1164,41,0,,0,203,1570
15580,2,2,158,0,0,1164,41,0,,0,205,1574
15581,2,2,158,0,0,190,41,0,,0,203,594
15582,2,0,158,0,0,1277,41,0,,0,203,1681
15583,2,0,158,2,0,915,41,0,,0,203,1323
15584,2,0,160,0,0,444,41,0,,0,205,850
15585,2,0,158,0,0,1130,41,0,,0,203,1536
15586,2,0,158,2,0,241,41,0,,0,205,649
15587,2,0,158,0,0,4,41,0,,0,203,408
15588,2,0,156,2,0,243,41,0,,0,203,647
15589,2,0,158,2,0,4,41,0,,0,203,408
15590,2,0,158,2,0,2,41,0,,0,203,408
15591,2,0,158,0,0,2,41,0,,0,203,406
15592,2,0,158,0,0,4,43,0,,0,203,412
15593,2,0,158,2,0,2,41,0,,0,203,406
15594,2,0,158,0,0,4,43,0,,0,203,410
15595,2,0,158,2,0,4,41,0,,0,203,410
15596,2,0,158,0,0,4,43,0,,0,203,410
15597,2,0,158,0,0,4,41,0,,0,203,410
15598,2,0,158,2,0,4,41,0,,0,203,408
15599,2,0,158,0,0,2,41,0,,0,203,408
15600,2,0,158,2,0,4,41,0,,0,203,408
15601,2,0,158,0,0,431,41,0,,0,203,837
15602,2,0,158,2,0,2,41,0,,0,203,408
15603,2,0,158,0,0,4,41,0,,0,203,408
15604,2,0,158,2,0,2,41,0,,0,203,408
15605,2,0,158,2,0,4,41,0,,0,203,406
15606,2,0,156,0,0,4,43,0,,0,203,412
15607,2,0,158,2,0,2,41,0,,0,203,408
15608,2,0,158,0,0,4,43,0,,0,203,410
15609,2,0,158,2,0,4,41,0,,0,203,410
15610,2,0,158,2,0,4,41,0,,0,203,410
15611,2,0,158,0,0,4,41,0,,0,203,406
15612,2,0,156,2,0,4,41,0,,0,203,410
15613,2,0,158,2,0,2,41,0,,0,203,406
15614,2,0,158,0,0,4,41,0,,0,203,408
15615,2,0,156,2,0,2,41,0,,0,203,408
15616,2,0,158,0,0,4,41,0,,0,205,410
15617,2,0,158,2,0,4,41,0,,0,203,410
15618,2,0,158,2,0,4,41,0,,0,203,408
15619,2,0,158,0,0,2,41,0,,0,203,406
15620,2,0,156,2,0,4,41,0,,0,205,412
15621,2,0,158,0,0,2,41,0,,0,203,406
15622,2,0,158,2,0,288,41,0,,0,203,692
15623,2,0,158,2,0,2,41,0,,0,203,408
15624,0,0,158,0,0,4,41,0,,0,205,406
15625,2,0,156,0,0,2,41,0,,0,203,408
15626,2,0,158,2,0,2,41,0,,0,203,408
15627,2,0,158,0,0,4,41,0,,0,203,410
15628,2,0,158,2,0,4,41,0,,0,203,406
15629,2,0,156,2,0,2,43,0,,0,203,408
15630,2,0,158,2,0,397,41,0,,0,203,803
15631,2,0,158,0,0,4,43,0,,0,205,412
15632,2,0,156,0,0,4,41,0,,0,203,408
15633,2,0,158,2,0,4,41,0,,0,203,408
15634,2,0,158,2,0,2,41,0,,0,203,406
15635,2,0,156,0,0,2,41,0,,0,203,406
15636,2,0,158,0,0,4,41,0,,0,203,408
15637,2,0,156,2,0,4,41,0,,0,205,412
15638,2,0,158,0,0,2,41,0,,0,203,404
15639,2,0,156,2,0,305,41,0,,0,203,711
15640,2,0,158,2,0,4,41,0,,0,203,410
15641,2,0,158,0,0,4,41,0,,0,203,406
15642,2,0,156,2,0,2,41,0,,0,203,406
15643,2,0,158,2,0,2,41,0,,0,203,406
15644,2,0,156,0,0,2,41,0,,0,203,406
15645,2,0,158,0,0,4,43,0,,0,205,412
15646,2,0,156,2,0,4,41,0,,0,203,408
15647,2,0,158,0,0,2,43,0,,0,203,408
15648,2,0,156,2,0,4,41,0,,0,203,410
15649,2,0,158,0,0,4,43,0,,0,205,412
15650,2,0,156,2,0,4,41,0,,0,203,406
15651,2,0,156,2,0,307,41,0,,0,205,715
15652,2,0,158,2,0,2,41,0,,0,203,404
15653,2,0,156,0,0,2,41,0,,0,203,404
15654,2,0,156,2,0,4,43,0,,0,203,412
15655,2,0,158,0,0,4,41,0,,0,203,408
15656,2,0,158,0,0,2,41,0,,0,203,406
15657,2,0,156,2,0,2,41,0,,0,203,406
15658,2,0,158,0,0,4,41,0,,0,203,408
15659,2,0,156,2,0,4,41,0,,0,203,408
15660,2,0,158,0,0,4,41,0,,0,203,408
15661,2,0,156,2,0,4,41,0,,0,205,412
15662,2,0,158,0,0,4,41,0,,0,203,406
15663,2,0,156,2,0,2,41,0,,0,205,410
15664,2,0,158,2,0,313,41,0,,0,203,715
15665,2,0,156,0,0,2,41,0,,0,203,406
15666,2,0,158,2,0,2,41,0,,0,203,406
15667,2,0,158,0,0,4,41,0,,0,203,408
15668,2,0,156,0,0,2,41,0,,0,203,406
15669,2,0,158,0,0,2,41,0,,0,203,406
15670,2,0,156,2,0,4,41,0,,0,203,408
15671,2,0,156,0,0,4,41,0,,0,203,406
15672,2,0,156,2,0,4,41,0,,0,203,410
15673,2,0,158,2,0,4,41,0,,0,203,406
15674,2,0,156,0,0,2,41,0,,0,203,408
15675,2,2,156,2,0,2,41,0,,0,205,408
15676,2,2,156,0,0,2,41,0,,0,203,406
15677,2,0,156,2,0,2,41,0,,0,203,406
15678,55,0,158,0,0,4,41,0,,0,203,461
15679,68,0,156,2,0,2,41,0,,0,205,474
15680,70,0,156,0,0,4,41,0,,0,203,474
15681,75,0,156,2,0,343,41,0,,0,203,820
15682,77,0,156,2,0,2,41,0,,0,205,481
15683,77,0,156,0,0,2,41,0,,0,203,479
15684,70,0,156,2,0,2,41,0,,0,203,474
15685,70,0,156,0,0,2,43,0,,0,203,474
15686,68,0,156,0,0,2,41,0,,0,203,472
15687,64,0,156,2,0,2,41,0,,0,203,468
15688,64,0,156,0,0,4,41,0,,0,203,470
15689,62,0,156,2,0,4,41,0,,0,203,468
15690,62,0,158,2,0,4,41,0,,0,203,468
15691,60,0,156,2,0,4,41,0,,0,203,464
15692,11,0,156,0,0,4,41,0,,0,200,416
15693,2,0,158,2,0,2,41,0,,0,200,401
15694,2,0,156,0,0,4,41,0,,0,200,405
15695,2,0,156,2,0,316,41,0,,0,200,717
15696,2,0,158,0,0,4,41,0,,0,200,403
15697,2,0,156,2,0,4,41,0,,0,200,405
15698,2,0,156,0,0,4,41,0,,0,200,405
15699,2,0,158,0,0,2,41,0,,0,203,404
15700,2,0,156,2,0,2,41,0,,0,200,403
15701,2,0,156,0,0,4,41,0,,0,200,405
15702,2,0,156,0,0,4,41,0,,0,203,408
15703,2,0,158,2,0,2,41,0,,0,200,403
15704,2,0,156,2,0,4,41,0,,0,203,408
15705,2,0,156,0,0,399,41,0,,0,200,800
15706,2,0,158,2,0,2,41,0,,0,200,403
15707,2,0,158,2,0,4,41,0,,0,203,408
15708,2,0,156,0,0,4,41,0,,0,203,408
15709,2,0,158,0,0,2,41,0,,0,200,405
15710,2,0,158,2,0,2,41,0,,0,200,401
15711,2,0,156,0,0,2,41,0,,0,200,403
15712,2,0,158,2,0,4,41,0,,0,200,407
15713,2,0,158,0,0,407,41,0,,0,203,809
15714,2,0,156,0,0,4,41,0,,0,203,408
15715,2,0,158,2,0,4,41,0,,0,200,405
15716,2,0,156,0,0,4,41,0,,0,200,405
15717,2,0,158,0,0,4,41,0,,0,200,405
15718,2,0,156,2,0,4,41,0,,0,203,410
15719,2,0,158,0,0,4,41,0,,0,200,405
15720,2,0,158,2,0,4,41,0,,0,200,407
15721,2,0,158,2,0,4,41,0,,0,200,405
15722,2,0,158,0,0,279,41,0,,0,203,683
15723,2,0,156,2,0,4,41,0,,0,203,408
15724,2,0,158,0,0,4,41,0,,0,203,410
15725,2,0,158,2,0,4,41,0,,0,200,403
15726,2,0,156,0,0,4,41,0,,0,203,410
15727,2,0,158,2,0,4,41,0,,0,200,403
15728,2,0,156,0,0,2,41,0,,0,200,403
15729,2,0,158,2,0,2,41,0,,0,200,403
15730,2,0,156,0,0,4,41,0,,0,203,408
15731,2,0,158,0,0,2,41,0,,0,200,403
15732,0,0,156,2,0,4,41,0,,0,200,403
15733,2,0,158,0,0,4,41,0,,0,200,405
15734,2,0,156,2,0,2,41,0,,0,200,405
15735,2,0,158,0,0,4,41,0,,0,200,405
15736,2,0,158,2,0,4,41,0,,0,203,410
15737,2,0,158,2,0,2,41,0,,0,203,404
15738,2,0,156,0,0,4,41,0,,0,203,410
15739,2,0,158,2,0,4,41,0,,0,203,406
15740,2,0,156,0,0,4,41,0,,0,203,408
15741,2,0,156,2,0,277,41,0,,0,203,679
15742,2,0,156,0,0,2,41,0,,0,200,405
15743,2,0,158,2,0,2,41,0,,0,200,403
15744,2,0,156,0,0,4,41,0,,0,203,408
15745,2,0,158,2,0,4,41,0,,0,200,405
15746,2,0,156,2,0,412,41,0,,0,203,816
15747,2,0,156,0,0,4,41,0,,0,200,405
15748,2,0,158,2,0,4,41,0,,0,200,405
15749,2,0,156,2,0,2,41,0,,0,203,404
15750,2,0,156,0,0,4,41,0,,0,200,405
15751,2,0,156,2,0,2,41,0,,0,200,401
15752,2,0,156,0,0,2,41,0,,0,200,403
15753,2,0,156,2,0,4,41,0,,0,200,405
15754,2,0,156,0,0,4,41,0,,0,200,403
15755,2,0,156,2,0,4,41,0,,0,200,405
15756,2,0,156,2,0,4,41,0,,0,203,408
15757,2,0,156,0,0,4,41,0,,0,200,403
15758,2,0,156,2,0,4,41,0,,0,200,403
15759,2,0,154,2,0,4,41,0,,0,200,403
15760,2,0,156,0,0,4,41,0,,0,200,405
15761,2,0,156,2,0,2,41,0,,0,200,401
15762,2,0,156,0,0,2,41,0,,0,203,404
15763,2,0,156,2,0,4,41,0,,0,203,406
15764,2,0,156,0,0,2,41,0,,0,203,408
15765,2,2,156,0,0,4,41,0,,0,200,405
15766,2,2,156,0,0,2,41,0,,0,200,403
15767,2,0,156,2,0,2,41,0,,0,200,403
15768,2,0,156,0,0,4,41,0,,0,203,406
15769,2,0,156,2,0,4,41,0,,0,200,403
15770,2,0,154,2,0,4,41,0,,0,200,405
15771,2,0,156,0,0,2,41,0,,0,200,401
15772,2,0,156,2,0,2,41,0,,0,203,406
15773,2,0,156,2,0,4,41,0,,0,203,406
15774,2,0,156,0,0,4,41,0,,0,200,403
15775,2,0,156,2,0,286,41,0,,0,200,685
15776,0,0,156,0,0,4,41,0,,0,200,403
15777,2,0,156,0,0,4,41,0,,0,200,403
15778,2,0,154,0,0,4,41,0,,0,200,403
15779,2,0,156,2,0,4,41,0,,0,200,405
15780,0,0,156,2,0,2,41,0,,0,200,399
15781,2,0,156,0,0,2,41,0,,0,200,401
15782,2,0,156,2,0,2,41,0,,0,200,403
15783,2,0,156,0,0,286,41,0,,0,200,687
15784,2,0,156,0,0,4,41,0,,0,200,401
15785,2,0,154,2,0,2,41,0,,0,203,406
15786,2,0,156,2,0,4,43,0,,0,200,407
15787,2,0,156,0,0,399,41,0,,0,203,803
15788,2,0,156,2,0,4,41,0,,0,200,405
15789,2,0,156,2,0,2,41,0,,0,200,401
15790,2,0,156,2,0,4,41,0,,0,203,406
15791,2,0,154,2,0,4,41,0,,0,200,405
15792,2,0,156,0,0,2,41,0,,0,203,406
15793,2,0,156,2,0,4,41,0,,0,200,401
15794,2,0,154,2,0,4,41,0,,0,203,406
15795,2,0,154,2,0,403,41,0,,0,200,802
15796,2,0,156,0,0,4,41,0,,0,203,406
15797,2,0,154,2,0,2,41,0,,0,200,401
15798,2,0,156,0,0,4,41,0,,0,203,408
15799,2,0,156,2,0,4,41,0,,0,203,404
15800,2,0,154,0,0,4,41,0,,0,200,405
15801,2,0,156,2,0,4,41,0,,0,203,408
15802,2,0,156,0,0,2,41,0,,0,200,401
15803,6,0,156,2,0,4,41,0,,0,200,407
15804,17,0,156,2,0,2,41,0,,0,203,421
15805,6,0,156,0,0,2,41,0,,0,200,403
15806,2,0,154,0,0,2,41,0,,0,200,403
15807,2,0,156,2,0,4,41,0,,0,200,403
15808,2,0,156,0,0,2,41,0,,0,200,401
15809,2,0,156,2,0,2,41,0,,0,200,401
15810,2,0,154,0,0,4,41,0,,0,200,403
15811,2,0,156,0,0,2,41,0,,0,200,401
15812,2,0,154,2,0,2,41,0,,0,200,401
15813,2,0,156,0,0,4,41,0,,0,203,408
15814,2,0,156,2,0,4,41,0,,0,203,406
15815,0,0,156,0,0,4,41,0,,0,203,404
15816,2,0,154,2,0,2,43,0,,0,203,404
15817,2,0,154,0,0,2,41,0,,0,203,404
15818,2,0,156,2,0,4,41,0,,0,200,403
15819,2,0,154,0,0,4,41,0,,0,203,406
15820,0,0,156,0,0,2,41,0,,0,200,397
15821,2,0,154,2,0,4,41,0,,0,200,401
15822,2,0,154,0,0,4,41,0,,0,200,405
15823,2,0,156,0,0,269,41,0,,0,203,669
15824,2,0,154,0,0,420,43,0,,0,200,821
15825,2,0,156,2,0,2,41,0,,0,203,402
15826,2,0,154,0,0,4,41,0,,0,203,406
15827,2,0,154,0,0,4,41,0,,0,203,408
15828,2,0,156,0,0,4,41,0,,0,203,404
15829,2,0,154,2,0,2,43,0,,0,200,403
15830,2,0,154,2,0,4,41,0,,0,200,403
15831,2,0,154,0,0,2,41,0,,0,203,404
15832,2,0,154,2,0,2,41,0,,0,200,403
15833,2,0,156,2,0,2,41,0,,0,200,399
15834,2,0,154,2,0,2,41,0,,0,203,406
15835,2,2,154,2,0,4,41,0,,0,203,406
15836,2,0,154,0,0,2,41,0,,0,200,399
15837,13,0,154,2,0,4,41,0,,0,203,415
15838,2,0,154,2,0,433,41,0,,0,200,832
15839,2,0,154,0,0,2,41,0,,0,200,399
15840,2,0,154,0,0,4,41,0,,0,203,404
15841,2,0,154,2,0,4,41,0,,0,200,403
15842,2,0,154,0,0,2,41,0,,0,203,402
15843,2,0,154,0,0,2,43,0,,0,200,401
15844,2,0,154,2,0,435,41,0,,0,200,834
15845,2,0,154,0,0,4,41,0,,0,200,401
15846,2,0,154,0,0,4,41,0,,0,200,403
15847,2,0,154,2,0,2,41,0,,0,200,399
15848,2,0,154,0,0,4,41,0,,0,200,401
15849,2,0,154,2,0,2,41,0,,0,203,401
15850,2,0,151,0,0,441,41,0,,0,200,840
15851,2,0,154,0,0,247,41,0,,0,203,649
15852,2,0,154,2,0,2,41,0,,0,203,402
15853,2,0,154,2,0,4,41,0,,0,200,403
15854,2,0,154,2,0,4,41,0,,0,203,403
15855,2,0,151,0,0,4,41,0,,0,203,404
15856,2,0,154,2,0,2,41,0,,0,200,396
15857,13,0,151,2,0,4,41,0,,0,203,414
15858,13,0,151,0,0,4,41,0,,0,203,412
15859,15,0,151,0,0,4,41,0,,0,203,419
15860,15,0,154,2,0,2,41,0,,0,203,412
15861,15,0,151,0,0,4,41,0,,0,203,419
15862,15,0,154,2,0,4,41,0,,0,203,416
15863,17,0,151,0,0,4,41,0,,0,203,419
15864,17,0,154,2,0,2,41,0,,0,203,416
15865,15,0,151,2,0,2,41,0,,0,203,414
15866,17,0,151,0,0,4,41,0,,0,203,419
15867,4,0,154,2,0,2,41,0,,0,203,403
15868,2,0,151,2,0,2,41,0,,0,203,399
15869,2,0,151,0,0,4,41,0,,0,203,406
15870,2,0,154,2,0,4,41,0,,0,203,401
15871,2,0,151,0,0,4,43,0,,0,203,403
15872,2,0,151,2,0,4,41,0,,0,200,400
15873,2,0,151,0,0,2,41,0,,0,203,399
15874,2,0,151,0,0,2,41,0,,0,203,399
15875,2,0,151,2,0,4,41,0,,0,200,398
15876,2,0,151,0,0,469,41,0,,0,203,866
15877,2,0,151,0,0,2,41,0,,0,200,396
15878,2,0,151,0,0,2,41,0,,0,200,398
15879,2,0,151,0,0,2,41,0,,0,203,401
15880,0,0,151,0,0,4,41,0,,0,203,399
15881,2,0,151,2,0,2,41,0,,0,200,396
15882,2,0,151,2,0,4,41,0,,0,200,398
15883,2,0,151,0,0,4,41,0,,0,203,399
15884,2,0,149,0,0,4,41,0,,0,203,403
15885,2,0,151,0,0,4,41,0,,0,203,403
15886,2,0,151,0,0,4,41,0,,0,200,398
15887,2,0,151,2,0,2,41,0,,0,203,397
15888,2,0,149,2,0,4,41,0,,0,203,403
15889,2,0,151,0,0,2,41,0,,0,203,401
15890,2,0,151,0,0,2,41,0,,0,203,401
15891,2,0,151,2,0,4,43,0,,0,203,401
15892,2,0,149,2,0,4,41,0,,0,203,401
15893,2,0,151,2,0,4,41,0,,0,200,400
15894,2,0,151,0,0,4,41,0,,0,203,401
15895,2,0,149,0,0,4,41,0,,0,200,396
15896,2,0,149,2,0,4,41,0,,0,203,401
15897,2,0,151,2,0,2,41,0,,0,203,401
15898,2,0,151,0,0,4,41,0,,0,203,401
15899,2,0,149,0,0,478,41,0,,0,203,877
15900,2,0,151,2,0,4,41,0,,0,203,401
15901,2,0,151,2,0,2,41,0,,0,203,397
15902,2,0,149,2,0,4,41,0,,0,200,400
15903,2,0,151,0,0,4,41,0,,0,200,398
15904,2,0,149,0,0,4,41,0,,0,200,275
15905,2,0,26,2,0,4,41,0,,0,203,250
15906,2,0,0,2,0,4,41,0,,0,203,252
15907,2,0,2,2,0,4,41,0,,0,203,254
15908,2,2,0,0,0,486,41,0,,0,203,736
15909,2,0,2,0,0,4,41,0,,0,203,250
15910,2,0,0,2,0,4,41,0,,0,203,254
15911,2,0,2,2,0,4,41,0,,0,203,250
15912,2,0,0,0,0,4,41,0,,0,200,251
15913,0,0,2,2,0,2,41,0,,0,203,248
15914,2,0,0,0,0,4,41,0,,0,203,252
15915,2,0,2,2,0,4,41,0,,0,203,252
15916,2,0,2,2,0,4,43,0,,0,203,254
15917,2,0,0,0,0,2,41,0,,0,203,250
15918,2,0,2,0,0,4,41,0,,0,203,252
15919,2,0,0,2,0,2,41,0,,0,200,247
15920,2,0,2,0,0,4,41,0,,0,203,252
15921,2,0,0,2,0,183,41,0,,0,203,429
15922,2,0,0,0,0,2,41,0,,0,203,252
15923,2,0,2,2,0,2,41,0,,0,203,250
15924,2,0,0,0,0,2,41,0,,0,203,250
15925,2,0,2,2,0,4,41,0,,0,203,250
15926,2,0,0,2,0,4,41,0,,0,203,252
15927,2,0,0,0,0,4,43,0,,0,203,252
15928,2,0,0,0,0,2,41,0,,0,203,250
15929,2,0,2,2,0,2,41,0,,0,203,252
15930,2,0,2,0,0,4,41,0,,0,203,250
15931,2,0,0,0,0,4,41,0,,0,203,252
15932,2,0,0,2,0,2,41,0,,0,203,250
15933,2,0,2,0,0,4,41,0,,0,203,252
15934,2,0,0,2,0,4,41,0,,0,203,252
15935,2,0,0,0,0,2,41,0,,0,203,250
15936,2,0,2,2,0,2,41,0,,0,203,250
15937,2,0,2,2,0,2,41,0,,0,203,250
15938,2,0,0,0,0,4,43,0,,0,203,256
15939,0,0,2,0,0,4,41,0,,0,203,248
15940,2,0,0,2,0,4,41,0,,0,203,254
15941,2,0,2,2,0,2,41,0,,0,203,248
15942,2,0,0,0,0,2,41,0,,0,203,250
15943,2,0,0,2,0,4,41,0,,0,205,254
15944,2,0,2,0,0,2,41,0,,0,203,248
15945,2,0,0,2,0,2,41,0,,0,205,254
15946,2,0,2,0,0,4,41,0,,0,203,250
15947,2,0,0,0,0,2,41,0,,0,203,248
15948,2,0,0,2,0,4,41,0,,0,203,254
15949,2,0,2,0,0,4,41,0,,0,203,250
15950,2,0,0,0,0,4,41,0,,0,203,254
15951,2,0,2,2,0,4,43,0,,0,203,252
15952,2,0,0,0,0,4,41,0,,0,203,252
15953,2,0,0,2,0,4,41,0,,0,203,250
15954,2,0,0,0,0,2,41,0,,0,203,250
15955,2,0,2,2,0,4,41,0,,0,203,252
15956,2,0,0,0,0,4,41,0,,0,203,252
15957,2,0,2,0,0,2,41,0,,0,203,248
15958,15,0,0,2,0,4,41,0,,0,203,263
15959,26,0,0,0,0,2,41,0,,0,203,276
15960,21,0,2,0,0,4,41,0,,0,203,269
15961,2,0,0,0,0,160,41,0,,0,203,408
15962,2,0,2,2,0,2,41,0,,0,203,250
15963,2,0,0,0,0,2,41,0,,0,200,245
15964,2,0,0,0,0,2,41,0,,0,203,252
15965,2,0,2,2,0,2,41,0,,0,200,247
15966,2,0,0,0,0,2,41,0,,0,203,250
15967,2,0,2,2,0,2,41,0,,0,203,250
15968,2,0,0,2,0,4,41,0,,0,203,252
15969,11,0,0,0,0,2,41,0,,0,203,259
15970,13,0,2,2,0,4,41,0,,0,203,261
15971,2,0,0,2,0,151,41,0,,0,203,401
15972,2,0,2,0,0,4,41,0,,0,203,252
15973,2,0,0,0,0,4,41,0,,0,203,252
15974,2,0,2,2,0,4,43,0,,0,203,254
15975,2,0,0,2,0,4,41,0,,0,203,252
15976,2,0,2,0,0,4,41,0,,0,203,252
15977,2,0,0,2,0,4,41,0,,0,203,252
15978,2,0,2,0,0,4,41,0,,0,203,252
15979,2,0,0,2,0,4,41,0,,0,203,252
15980,2,0,0,0,0,2,41,0,,0,203,250
15981,2,0,2,2,0,2,43,0,,0,203,252
15982,2,0,0,2,0,4,41,0,,0,203,252
15983,2,0,2,0,0,4,41,0,,0,203,252
15984,2,0,0,2,0,4,43,0,,0,203,254
15985,2,0,0,0,0,4,41,0,,0,205,256
15986,2,0,2,2,0,2,41,0,,0,203,250
15987,2,0,0,2,0,4,41,0,,0,203,252
15988,0,0,2,2,0,4,41,0,,0,203,252
15989,2,0,2,2,0,4,41,0,,0,203,252
15990,2,0,0,0,0,4,41,0,,0,203,252
15991,2,0,2,2,0,4,41,0,,0,203,252
15992,2,0,0,2,0,136,43,0,,0,203,386
15993,2,0,2,0,0,2,41,0,,0,203,250
15994,2,0,0,2,0,4,41,0,,0,203,252
15995,0,0,0,0,0,2,43,0,,0,203,252
15996,2,0,2,2,0,4,41,0,,0,203,250
15997,2,0,0,2,0,4,41,0,,0,203,254
15998,2,0,2,2,0,4,41,0,,0,203,250
15999,2,0,0,0,0,4,41,0,,0,203,252
16000,2,0,0,2,0,2,43,0,,0,203,252
16001,2,0,0,0,0,4,41,0,,0,203,252
16002,2,0,2,2,0,4,41,0,,0,203,252
16003,2,0,0,2,0,2,41,0,,0,203,252
16004,2,0,2,0,0,4,41,0,,0,205,256
16005,2,0,2,2,0,4,41,0,,0,203,254
16006,2,2,0,2,0,2,41,0,,0,203,252
16007,2,2,2,2,0,2,41,0,,0,205,252
16008,2,0,0,2,0,4,41,0,,0,203,254
16009,2,0,2,0,0,4,43,0,,0,205,254
16010,2,0,0,2,0,2,41,0,,0,203,250
16011,2,0,0,2,0,4,41,0,,0,203,252
16012,2,0,2,0,0,4,41,0,,0,205,254
16013,2,0,0,2,0,4,41,0,,0,203,254
16014,2,0,2,0,0,2,43,0,,0,203,250
16015,2,0,0,2,0,4,41,0,,0,203,252
16016,2,0,0,2,0,4,41,0,,0,203,254
16017,0,0,2,0,0,4,43,0,,0,205,254
16018,2,0,0,2,0,589,41,0,,0,203,837
16019,2,0,0,2,0,4,43,0,,0,203,254
16020,2,0,2,2,0,4,41,0,,0,205,252
16021,2,0,0,2,0,4,41,0,,0,203,254
16022,2,0,2,0,0,4,41,0,,0,203,250
16023,2,0,0,0,0,4,41,0,,0,203,252
16024,2,0,2,2,0,4,41,0,,0,205,254
16025,2,0,0,0,0,2,41,0,,0,203,252
16026,2,0,2,0,0,2,41,0,,0,205,250
16027,2,0,0,2,0,4,41,0,,0,205,256
16028,2,0,2,2,0,4,43,0,,0,203,254
16029,2,0,0,0,0,4,41,0,,0,205,256
16030,2,0,2,2,0,2,41,0,,0,203,248
16031,2,0,0,2,0,2,41,0,,0,205,254
16032,2,0,2,2,0,4,41,0,,0,203,250
16033,2,0,0,0,0,2,41,0,,0,205,254
16034,2,0,2,2,0,2,43,0,,0,203,252
16035,2,0,0,0,0,623,41,0,,0,203,871
16036,2,0,2,2,0,2,41,0,,0,205,250
16037,2,0,0,2,0,4,41,0,,0,203,252
16038,2,0,0,0,0,4,41,0,,0,205,252
16039,2,0,0,0,0,2,41,0,,0,203,250
16040,2,0,2,2,0,2,43,0,,0,203,252
16041,2,0,0,0,0,2,41,0,,0,205,254
16042,2,0,2,0,0,60,41,0,,0,203,306
16043,2,0,0,2,0,2,41,0,,0,203,250
16044,0,0,0,2,0,2,41,0,,0,205,250
16045,2,0,2,0,0,4,43,0,,0,205,254
16046,2,0,0,2,0,4,43,0,,0,203,254
16047,2,0,2,0,0,2,41,0,,0,203,250
16048,2,0,0,0,0,4,41,0,,0,203,252
16049,2,0,2,0,0,2,41,0,,0,203,250
16050,2,0,2,2,0,2,41,0,,0,203,250
16051,2,0,0,0,0,4,43,0,,0,203,254
16052,0,0,2,0,0,655,41,0,,0,203,901
16053,2,0,0,2,0,4,41,0,,0,203,252
16054,2,0,2,0,0,4,41,0,,0,203,252
16055,2,0,0,2,0,2,41,0,,0,203,252
16056,2,0,2,0,0,4,41,0,,0,203,250
16057,2,0,0,2,0,4,41,0,,0,203,252
16058,2,0,0,2,0,4,41,0,,0,203,254
16059,2,0,2,0,0,2,41,0,,0,203,248
16060,2,0,0,2,0,2,41,0,,0,203,252
16061,2,0,2,2,0,4,41,0,,0,205,252
16062,2,0,0,0,0,2,41,0,,0,203,252
16063,2,0,2,2,0,4,41,0,,0,205,256
16064,2,0,2,0,0,28,41,0,,0,203,274
16065,2,0,0,2,0,4,43,0,,0,203,254
16066,2,0,2,2,0,2,41,0,,0,203,248
16067,2,0,0,0,0,4,41,0,,0,203,252
16068,0,0,0,0,0,2,41,0,,0,203,246
16069,2,0,0,0,0,2,41,0,,0,203,250
16070,2,0,2,2,0,4,41,0,,0,203,250
16071,2,0,0,0,0,2,43,0,,0,203,254
16072,2,0,2,0,0,2,41,0,,0,203,252
16073,2,0,2,0,0,4,41,0,,0,203,252
16074,2,0,2,2,0,19,41,0,,0,205,269
16075,2,0,0,2,0,674,41,0,,0,203,924
16076,2,0,2,0,0,4,41,0,,0,203,250
16077,2,0,0,2,0,4,41,0,,0,203,250
16078,2,0,0,2,0,2,43,0,,0,203,254
16079,2,0,2,0,0,4,43,0,,0,203,252
16080,0,0,0,0,0,4,43,0,,0,200,251
16081,2,0,2,2,0,2,43,0,,0,203,254
16082,2,0,2,0,0,4,41,0,,0,203,250
16083,2,0,0,2,0,4,41,0,,0,203,254
16084,0,0,2,2,0,4,41,0,,0,203,250
16085,2,0,0,0,0,4,41,0,,0,203,252
16086,2,0,0,2,0,4,41,0,,0,203,254
16087,2,0,2,2,0,2,43,0,,0,203,250
16088,2,0,0,2,0,4,41,0,,0,203,252
16089,2,0,2,2,0,4,41,0,,0,200,251
16090,2,0,2,0,0,4,41,0,,0,203,252
16091,2,0,0,0,0,4,41,0,,0,203,254
16092,2,0,2,2,0,4,43,0,,0,203,254
16093,2,0,2,2,0,4,41,0,,0,203,252
16094,2,2,0,2,0,4,41,0,,0,203,256
16095,2,2,2,0,0,4,41,0,,0,203,252
16096,2,0,0,0,0,9,41,0,,0,203,259
16097,2,0,2,2,0,2,41,0,,0,203,250
16098,2,0,2,2,0,4,41,0,,0,203,250
16099,2,0,0,2,0,4,43,0,,0,203,254
16100,2,0,0,0,0,4,41,0,,0,203,254
16101,0,0,2,0,0,685,43,0,,0,205,937
16102,2,0,2,2,0,2,41,0,,0,203,250
16103,2,0,0,2,0,2,41,0,,0,203,250
16104,2,0,2,2,0,2,41,0,,0,205,252
16105,2,0,0,2,0,4,41,0,,0,203,254
16106,2,0,2,0,0,2,41,0,,0,203,250
16107,2,0,2,2,0,2,43,0,,0,203,252
16108,2,0,0,2,0,2,43,0,,0,203,252
16109,2,0,2,0,0,4,41,0,,0,203,252
16110,0,0,2,2,0,2,41,0,,0,203,248
16111,2,0,0,0,0,4,41,0,,0,205,252
16112,2,0,0,0,0,4,41,0,,0,203,252
16113,2,0,2,2,0,4,41,0,,0,203,252
16114,0,0,0,0,0,4,43,0,,0,205,252
16115,2,0,0,0,0,2,43,0,,0,203,254
16116,2,0,2,2,0,4,41,0,,0,203,252
16117,2,0,0,0,0,2,41,0,,0,203,250
16118,2,0,2,2,0,2,41,0,,0,203,250
16119,0,0,0,2,0,4,41,0,,0,203,250
16120,2,0,0,0,0,4,41,0,,0,203,252
16121,2,0,2,2,0,2,41,0,,0,203,250
16122,2,0,0,2,0,4,41,0,,0,205,256
16123,2,0,2,0,0,4,43,0,,0,203,252
16124,2,0,0,2,0,4,43,0,,0,203,254
16125,2,0,0,2,0,4,43,0,,0,203,256
16126,2,0,2,0,0,4,43,0,,0,203,252
16127,2,0,0,2,0,4,41,0,,0,203,252
16128,2,0,0,2,0,2,41,0,,0,203,248
16129,2,0,0,0,0,4,41,0,,0,203,254
16130,2,0,2,2,0,4,41,0,,0,203,252
16131,2,0,0,0,0,691,41,0,,0,203,939
16132,2,0,2,2,0,4,41,0,,0,205,256
16133,2,0,2,2,0,4,41,0,,0,203,250
16134,0,0,0,0,0,4,41,0,,0,205,254
16135,2,0,2,2,0,4,41,0,,0,203,250
16136,2,0,0,0,0,2,41,0,,0,203,250
16137,2,0,2,2,0,4,41,0,,0,203,252
16138,2,0,0,0,0,4,43,0,,0,205,254
16139,2,0,0,0,0,2,41,0,,0,203,248
16140,2,0,0,2,0,2,41,0,,0,203,252
16141,2,0,2,0,0,4,41,0,,0,203,252
16142,2,0,0,0,0,2,41,0,,0,203,250
16143,2,0,0,2,0,2,41,0,,0,203,250
16144,2,0,2,2,0,4,41,0,,0,203,252
16145,2,0,0,2,0,4,43,0,,0,203,256
16146,2,0,2,0,0,2,41,0,,0,203,250
16147,2,0,0,2,0,2,41,0,,0,203,248
16148,2,0,0,2,0,4,41,0,,0,203,254
16149,2,0,2,2,0,4,41,0,,0,205,252
16150,2,0,0,0,0,4,43,0,,0,205,256
16151,2,0,2,2,0,4,41,0,,0,203,252
16152,2,0,0,0,0,4,41,0,,0,205,254
16153,2,0,0,0,0,4,43,0,,0,203,254
16154,2,0,2,2,0,4,41,0,,0,205,254
16155,2,0,0,2,0,2,41,0,,0,203,250
16156,2,0,2,0,0,2,43,0,,0,203,252
16157,2,0,0,2,0,2,41,0,,0,203,250
16158,0,0,0,0,0,4,41,0,,0,203,250
16159,2,0,2,2,0,4,41,0,,0,203,252
16160,2,0,0,2,0,4,41,0,,0,205,256
16161,2,0,2,0,0,4,41,0,,0,205,252
16162,2,0,0,2,0,4,41,0,,0,205,252
16163,2,0,0,2,0,4,41,0,,0,205,252
16164,2,0,0,0,0,4,41,0,,0,203,254
16165,0,0,2,0,0,4,41,0,,0,203,250
16166,2,0,0,0,0,2,43,0,,0,203,254
16167,2,2,2,2,0,4,41,0,,0,203,254
16168,2,2,0,2,0,4,41,0,,0,205,252
16169,2,0,0,0,0,2,43,0,,0,205,256
16170,2,0,2,2,0,4,41,0,,0,205,254
16171,2,0,0,0,0,4,41,0,,0,203,252
16172,2,0,2,2,0,4,41,0,,0,203,252
16173,2,0,0,2,0,4,41,0,,0,205,254
16174,2,0,0,0,0,2,41,0,,0,205,252
16175,2,0,2,2,0,2,41,0,,0,203,250
16176,2,0,0,2,0,4,41,0,,0,205,252
16177,2,0,0,0,0,2,41,0,,0,203,252
16178,2,0,2,2,0,4,41,0,,0,203,252
16179,0,0,0,0,0,4,43,0,,0,203,250
16180,2,0,0,2,0,4,41,0,,0,205,256
16181,2,0,2,2,0,4,41,0,,0,203,252
16182,2,0,0,0,0,691,41,0,,0,205,943
16183,2,0,2,2,0,4,41,0,,0,203,250
16184,2,0,0,2,0,2,41,0,,0,203,250
16185,2,0,0,2,0,2,43,0,,0,203,252
16186,2,0,2,0,0,4,41,0,,0,203,250
16187,0,0,0,2,0,2,41,0,,0,203,250
16188,2,0,2,0,0,4,41,0,,0,203,250
16189,2,0,0,0,0,4,41,0,,0,205,256
16190,2,0,2,2,0,4,41,0,,0,203,252
16191,2,0,2,0,0,2,41,0,,0,205,250
16192,2,0,0,2,0,4,41,0,,0,203,254
16193,2,0,2,0,0,2,41,0,,0,203,250
16194,2,0,0,0,0,4,41,0,,0,203,252
16195,2,0,2,2,0,4,41,0,,0,203,252
16196,2,0,2,2,0,2,41,0,,0,203,250
16197,2,0,0,0,0,4,41,0,,0,203,252
16198,2,0,0,0,0,4,43,0,,0,203,256
16199,2,0,2,2,0,4,43,0,,0,205,254
16200,2,0,0,2,0,2,41,0,,0,203,248
16201,2,0,0,2,0,4,41,0,,0,203,254
16202,2,0,2,0,0,2,41,0,,0,205,254
16203,2,0,2,0,0,2,43,0,,0,203,250
16204,2,0,0,2,0,2,41,0,,0,203,252
16205,2,0,2,2,0,4,41,0,,0,203,250
16206,2,0,0,0,0,4,41,0,,0,205,256
16207,2,0,2,2,0,4,41,0,,0,205,256
16208,2,0,2,0,0,4,41,0,,0,205,252
16209,2,0,0,2,0,4,41,0,,0,203,254
16210,2,0,2,2,0,4,41,0,,0,203,252
16211,0,0,0,0,0,4,41,0,,0,203,250
16212,2,0,2,2,0,4,41,0,,0,205,256
16213,2,0,2,2,0,4,41,0,,0,205,252
16214,2,0,0,0,0,2,41,0,,0,203,250
16215,0,0,2,2,0,2,41,0,,0,203,248
16216,2,0,0,0,0,2,41,0,,0,205,252
16217,2,0,2,0,0,2,43,0,,0,203,252
16218,2,0,2,2,0,691,41,0,,0,203,937
16219,2,0,0,0,0,4,41,0,,0,203,252
16220,2,0,2,0,0,4,41,0,,0,205,254
16221,2,0,0,0,0,4,41,0,,0,203,250
16222,2,0,0,0,0,4,43,0,,0,205,256
16223,2,0,2,2,0,695,41,0,,0,203,943
16224,2,0,2,0,0,4,41,0,,0,203,250
16225,2,0,0,0,0,4,41,0,,0,203,254
16226,2,0,2,0,0,4,41,0,,0,205,254
16227,2,0,0,0,0,4,43,0,,0,203,254
16228,2,0,2,2,0,4,41,0,,0,203,254
16229,2,0,2,2,0,2,41,0,,0,205,250
16230,2,0,0,0,0,4,43,0,,0,203,256
16231,2,0,2,2,0,4,41,0,,0,203,252
16232,2,0,0,0,0,2,41,0,,0,203,250
16233,2,0,2,2,0,2,41,0,,0,203,252
16234,2,0,2,2,0,4,41,0,,0,205,254
16235,2,0,0,0,0,2,41,0,,0,203,250
16236,2,0,2,2,0,4,41,0,,0,205,254
16237,2,0,0,2,0,2,41,0,,0,203,248
16238,2,0,0,0,0,4,41,0,,0,203,254
16239,2,0,2,2,0,4,41,0,,0,203,254
16240,2,0,2,0,0,2,41,0,,0,203,250
16241,2,0,0,2,0,2,41,0,,0,203,250
16242,2,0,2,2,0,4,41,0,,0,205,254
16243,2,0,0,2,0,2,41,0,,0,205,252
16244,2,0,2,0,0,2,41,0,,0,205,254
16245,2,0,2,2,0,2,41,0,,0,205,252
16246,2,0,0,0,0,2,41,0,,0,203,250
16247,2,0,2,2,0,2,41,0,,0,205,254
16248,2,2,0,2,0,2,41,0,,0,205,254
16249,2,2,0,0,0,2,41,0,,0,203,250
16250,2,0,0,2,0,2,0,0,,0,205,211
16251,2,0,2,2,0,693,0,0,,0,203,898
16252,2,0,0,2,0,2,0,0,,0,205,213
16253,0,0,2,0,0,4,0,0,,0,205,209
16254,2,0,0,0,0,4,0,0,,0,205,215
16255,2,0,2,2,0,4,0,0,,0,205,215
16256,2,0,2,0,0,4,0,0,,0,203,211
16257,2,0,0,2,0,2,0,0,,0,203,209
16258,2,0,2,2,0,2,0,0,,0,203,209
16259,2,0,0,2,0,4,0,0,,0,205,215
16260,2,0,2,0,0,2,0,0,,0,203,209
16261,2,0,2,2,0,2,0,0,,0,203,207
16262,2,0,0,2,0,691,0,0,,0,203,900
16263,2,0,2,0,0,4,0,0,,0,203,211
16264,2,0,0,0,0,2,0,0,,0,203,209
16265,2,0,0,2,0,2,0,0,,0,205,211
16266,2,0,0,2,0,2,0,0,,0,205,211
16267,2,0,2,2,0,4,0,0,,0,203,211
16268,2,0,0,2,0,4,0,0,,0,203,213
16269,0,0,2,0,0,2,0,0,,0,203,205
16270,2,0,0,2,0,2,0,0,,0,203,211
16271,2,0,2,2,0,4,0,0,,0,205,215
16272,2,0,2,0,0,4,0,0,,0,203,211
16273,2,0,0,2,0,2,0,0,,0,205,211
16274,2,0,2,2,0,4,0,0,,0,205,211
16275,2,0,0,2,0,4,0,0,,0,203,213
16276,2,0,2,0,0,2,0,0,,0,205,211
16277,2,0,2,0,0,4,0,0,,0,205,211
16278,75,0,0,2,0,691,0,0,,0,203,973
16279,85,0,2,0,0,2,0,0,,0,205,294
16280,85,0,0,0,0,4,0,0,,0,205,298
16281,83,0,2,2,0,4,0,0,,0,203,294
16282,83,0,2,2,0,4,0,0,,0,205,292
16283,81,0,0,2,0,2,0,0,,0,205,290
16284,79,0,0,2,0,2,0,0,,0,205,288
16285,81,0,2,0,0,4,0,0,,0,203,288
16286,75,0,0,2,0,4,0,0,,0,205,284
16287,73,0,0,0,0,2,0,0,,0,203,280
16288,73,0,2,0,0,4,0,0,,0,203,280
16289,49,0,0,0,0,2,0,0,,0,205,260
16290,58,0,2,0,0,2,0,0,,0,205,265
16291,58,0,0,0,0,4,0,0,,0,205,271
16292,60,0,2,2,0,2,0,0,,0,205,271
16293,13,0,2,0,0,4,0,0,,0,205,224
16294,2,0,0,2,0,4,0,0,,0,205,215
16295,2,0,2,2,0,2,0,0,,0,205,209
16296,2,0,0,2,0,4,0,0,,0,203,213
16297,2,0,2,2,0,4,0,0,,0,203,211
16298,2,0,2,0,0,2,0,0,,0,205,209
16299,2,0,0,2,0,4,0,0,,0,205,213
16300,2,0,2,0,0,4,0,0,,0,205,213
16301,2,0,0,0,0,2,0,0,,0,203,211
16302,2,0,2,0,0,2,0,0,,0,203,211
16303,2,0,2,2,0,4,0,0,,0,203,211
16304,2,0,0,2,0,2,0,0,,0,203,209
16305,2,0,2,2,0,4,0,0,,0,205,213
16306,2,0,0,2,0,2,0,0,,0,205,211
16307,2,0,0,0,0,4,0,0,,0,205,213
16308,2,0,2,2,0,4,0,0,,0,205,213
16309,2,0,2,2,0,4,0,0,,0,203,211
16310,2,0,0,0,0,2,0,0,,0,203,211
16311,2,0,2,0,0,2,2,0,,0,205,211
16312,2,0,0,2,0,2,0,0,,0,205,213
16313,2,0,2,2,0,2,0,0,,0,205,213
16314,2,0,2,0,0,2,0,0,,0,205,211
16315,2,0,0,2,0,4,0,0,,0,203,211
16316,0,0,0,2,0,2,0,0,,0,205,209
16317,2,0,2,2,0,2,0,0,,0,203,209
16318,2,0,2,2,0,4,0,0,,0,205,215
16319,2,0,2,0,0,2,0,0,,0,205,211
16320,2,0,0,0,0,4,0,0,,0,203,213
16321,2,0,2,2,0,4,0,0,,0,205,211
16322,2,0,0,2,0,4,0,0,,0,205,211
16323,2,0,0,2,0,4,0,0,,0,205,211
16324,2,0,0,0,0,4,0,0,,0,205,215
16325,2,0,2,0,0,4,0,0,,0,205,211
16326,2,0,0,0,0,4,0,0,,0,205,213
16327,2,0,2,2,0,4,0,0,,0,203,209
16328,2,0,0,0,0,4,0,0,,0,203,211
16329,2,0,2,0,0,4,0,0,,0,205,215
16330,2,0,2,0,0,2,0,0,,0,205,209
16331,2,0,0,0,0,2,0,0,,0,205,213
16332,2,2,2,2,0,4,0,0,,0,205,213
16333,0,2,0,0,0,4,0,0,,0,205,211
16334,2,0,2,0,0,695,2,0,,0,205,908
16335,2,0,2,0,0,4,0,0,,0,203,211
16336,2,0,0,0,0,4,0,0,,0,203,211
16337,2,0,0,2,0,4,0,0,,0,203,213
16338,6,0,2,2,0,4,0,0,,0,203,215
16339,2,0,0,2,0,4,0,0,,0,203,213
16340,2,0,2,2,0,4,0,0,,0,205,215
16341,2,0,2,2,0,4,0,0,,0,205,213
16342,2,0,0,2,0,2,0,0,,0,203,211
16343,2,0,2,2,0,2,0,0,,0,205,211
16344,2,0,0,2,0,4,0,0,,0,203,213
16345,2,0,2,2,0,2,0,0,,0,205,211
16346,11,0,2,2,0,2,0,0,,0,203,218
16347,13,0,0,2,0,2,0,0,,0,205,224
16348,2,0,2,0,0,4,0,0,,0,205,211
16349,2,0,0,2,0,4,0,0,,0,205,215
16350,0,0,2,2,0,693,0,0,,0,205,900
16351,2,0,2,0,0,2,0,0,,0,203,209
16352,2,0,0,2,0,4,0,0,,0,203,213
16353,2,0,2,0,0,2,0,0,,0,203,207
16354,2,0,0,2,0,4,0,0,,0,205,213
16355,2,0,0,2,0,2,0,0,,0,205,211
16356,2,0,0,0,0,2,0,0,,0,205,211
16357,2,0,2,2,0,693,0,0,,0,205,902
16358,2,0,0,2,0,2,0,0,,0,203,211
16359,2,0,2,0,0,2,0,0,,0,205,211
16360,2,0,0,2,0,2,0,0,,0,205,211
16361,2,0,2,2,0,4,0,0,,0,205,213
16362,2,0,2,2,0,4,0,0,,0,205,213
16363,2,0,0,0,0,2,0,0,,0,203,211
16364,2,0,2,0,0,4,0,0,,0,205,211
16365,11,0,0,2,0,2,0,0,,0,205,222
16366,2,0,2,2,0,4,0,0,,0,203,213
16367,2,0,2,0,0,4,0,0,,0,205,213
16368,0,0,0,2,0,2,0,0,,0,205,209
16369,2,0,2,2,0,4,0,0,,0,203,209
16370,2,0,0,2,0,4,0,0,,0,203,213
16371,2,0,2,0,0,2,0,0,,0,205,209
16372,2,0,0,0,0,2,0,0,,0,203,209
16373,0,0,2,2,0,2,0,0,,0,203,209
16374,2,0,2,0,0,4,0,0,,0,205,213
16375,2,0,0,0,0,4,0,0,,0,205,213
16376,2,0,0,2,0,4,0,0,,0,205,213
16377,2,0,2,2,0,2,0,0,,0,205,213
16378,2,0,2,2,0,4,0,0,,0,203,211
16379,2,0,0,0,0,4,0,0,,0,203,211
16380,2,0,2,2,0,2,0,0,,0,203,209
16381,2,0,0,2,0,4,0,0,,0,205,215
16382,2,0,2,0,0,4,0,0,,0,205,215
16383,0,0,2,2,0,2,0,0,,0,203,205
16384,2,0,0,2,0,4,0,0,,0,205,215
16385,17,0,2,2,0,2,0,0,,0,205,226
16386,17,0,0,0,0,4,0,0,,0,205,228
16387,17,0,2,2,0,2,0,0,,0,205,224
16388,15,0,0,2,0,2,0,0,,0,203,222
16389,13,0,2,0,0,2,0,0,,0,205,222
16390,2,0,0,0,0,4,0,0,,0,203,213
16391,2,0,2,0,0,4,0,0,,0,205,211
16392,2,0,0,2,0,2,0,0,,0,205,211
16393,2,0,0,2,0,4,0,0,,0,205,215
16394,2,0,2,0,0,2,0,0,,0,203,209
16395,2,0,0,2,0,2,0,0,,0,203,211
16396,2,0,2,2,0,2,0,0,,0,205,211
16397,2,0,0,2,0,4,0,0,,0,203,211
16398,2,0,2,2,0,4,0,0,,0,203,211
16399,2,0,2,2,0,2,0,0,,0,205,211
16400,2,0,0,0,0,2,0,0,,0,205,213
16401,2,0,2,0,0,2,0,0,,0,205,209
16402,2,0,0,2,0,4,0,0,,0,203,213
16403,2,0,2,2,0,4,0,0,,0,205,213
16404,2,0,2,0,0,2,0,0,,0,203,209
16405,2,0,0,2,0,2,0,0,,0,205,213
16406,2,0,2,0,0,4,0,0,,0,203,209
16407,2,0,0,2,0,2,0,0,,0,205,211
16408,2,0,0,2,0,4,0,0,,0,205,213
16409,2,0,0,0,0,695,0,0,,0,205,904
16410,2,0,2,2,0,4,0,0,,0,205,213
16411,2,0,0,2,0,4,0,0,,0,203,211
16412,2,0,2,0,0,4,0,0,,0,205,213
16413,2,0,0,2,0,4,0,0,,0,203,213
16414,2,0,2,0,0,2,0,0,,0,205,211
16415,2,0,2,2,0,4,0,0,,0,205,215
16416,2,2,0,2,0,4,0,0,,0,205,217
16417,0,2,2,0,0,4,0,0,,0,205,211
16418,2,0,0,2,0,4,0,0,,0,205,213
16419,2,0,2,2,0,4,0,0,,0,203,213
16420,2,0,2,2,0,2,0,0,,0,205,211
16421,2,0,0,0,0,2,0,0,,0,203,209
16422,2,0,2,2,0,4,0,0,,0,205,213
16423,2,0,0,2,0,2,2,0,,0,205,213
16424,2,0,2,0,0,4,0,0,,0,205,213
16425,2,0,0,2,0,4,0,0,,0,205,215
16426,2,0,2,0,0,2,0,0,,0,205,209
16427,2,0,0,2,0,4,0,0,,0,205,215
16428,2,0,2,2,0,4,0,0,,0,205,213
16429,2,0,0,0,0,4,0,0,,0,203,211
16430,2,0,2,2,0,4,0,0,,0,205,213
16431,0,0,2,2,0,2,0,0,,0,205,207
16432,2,0,0,0,0,2,0,0,,0,205,213
16433,2,0,2,0,0,4,0,0,,0,205,213
16434,2,0,0,0,0,4,0,0,,0,203,211
16435,2,0,2,2,0,2,0,0,,0,205,213
16436,2,0,2,2,0,4,0,0,,0,205,213
16437,2,0,0,0,0,697,0,0,,0,205,906
16438,2,0,2,2,0,4,0,0,,0,205,213
16439,2,0,0,2,0,4,0,0,,0,205,211
16440,2,0,0,0,0,2,0,0,,0,205,211
16441,2,0,0,2,0,2,0,0,,0,203,211
16442,2,0,2,0,0,2,0,0,,0,205,209
16443,2,0,0,2,0,4,0,0,,0,205,215
16444,2,0,2,2,0,2,0,0,,0,205,211
16445,2,0,0,0,0,4,0,0,,0,205,211
16446,2,0,0,2,0,4,0,0,,0,205,215
16447,2,0,2,2,0,2,0,0,,0,205,209
16448,2,0,0,0,0,2,0,0,,0,205,213
16449,2,0,2,2,0,2,0,0,,0,205,211
16450,2,0,0,0,0,2,0,0,,0,205,211
16451,2,0,2,2,0,2,0,0,,0,207,215
16452,2,0,2,2,0,2,0,0,,0,205,211
16453,2,0,0,0,0,4,0,0,,0,205,211
16454,2,0,0,2,0,4,0,0,,0,205,215
16455,2,0,2,2,0,678,0,0,,0,205,885
16456,2,0,0,0,0,2,0,0,,0,205,209
16457,2,0,0,2,0,2,0,0,,0,205,213
16458,2,0,2,0,0,2,0,0,,0,207,211
16459,2,0,0,0,0,4,0,0,,0,205,215
16460,2,0,2,2,0,4,0,0,,0,205,211
16461,2,0,0,0,0,4,0,0,,0,205,213
16462,2,0,2,2,0,2,0,0,,0,205,213
16463,2,0,2,0,0,4,0,0,,0,207,213
16464,2,0,0,0,0,657,0,0,,0,205,868
16465,2,0,2,2,0,4,0,0,,0,205,213
16466,2,0,0,0,0,4,0,0,,0,205,215
16467,0,0,2,2,0,4,0,0,,0,205,211
16468,2,0,2,2,0,4,0,0,,0,205,213
16469,2,0,0,2,0,4,0,0,,0,205,215
16470,2,0,2,0,0,4,0,0,,0,207,215
16471,0,0,0,2,0,4,0,0,,0,205,211
16472,2,0,2,2,0,644,0,0,,0,207,855
16473,2,0,0,2,0,4,0,0,,0,205,213
16474,2,0,2,0,0,4,0,0,,0,205,211
16475,2,0,0,2,0,4,0,0,,0,207,217
16476,2,0,2,0,0,4,0,0,,0,205,211
16477,2,0,0,0,0,4,0,0,,0,205,215
16478,2,0,2,2,0,2,0,0,,0,205,211
16479,0,0,2,0,0,2,0,0,,0,205,209
16480,2,0,0,2,0,4,0,0,,0,207,217
16481,2,0,2,0,0,2,0,0,,0,205,209
16482,2,0,0,2,0,2,0,0,,0,207,215
16483,2,0,2,2,0,2,0,0,,0,207,215
16484,2,0,2,0,0,4,0,0,,0,205,211
16485,2,0,0,2,0,4,0,0,,0,205,213
16486,2,0,0,2,0,4,0,0,,0,205,215
16487,2,0,2,0,0,2,0,0,,0,205,211
16488,2,0,0,2,0,4,0,0,,0,207,215
16489,2,0,0,2,0,4,0,0,,0,205,213
16490,2,0,2,2,0,2,0,0,,0,205,209
16491,2,0,0,2,0,2,0,0,,0,205,213
16492,2,0,2,0,0,2,0,0,,0,205,211
16493,2,0,0,0,0,4,0,0,,0,207,215
16494,2,0,2,2,0,2,0,0,,0,205,211
16495,2,0,0,2,0,2,0,0,,0,205,211
16496,2,0,2,0,0,4,0,0,,0,205,215
16497,2,2,0,2,0,4,0,0,,0,205,217
16498,2,2,2,0,0,4,0,0,,0,205,213
16499,2,0,2,2,0,2,0,0,,0,207,213
16500,2,0,0,2,0,4,0,0,,0,205,211
16501,2,0,0,0,0,4,0,0,,0,205,215
16502,0,0,2,2,0,147,0,0,,0,205,354
16503,2,0,0,0,0,2,0,0,,0,207,211
16504,2,0,0,2,0,2,0,0,,0,205,213
16505,2,0,2,2,0,4,0,0,,0,207,215
16506,2,0,0,0,0,4,0,0,,0,205,215
16507,2,0,2,2,0,2,0,0,,0,205,211
16508,2,0,0,2,0,4,0,0,,0,207,217
16509,2,0,2,2,0,4,0,0,,0,205,215
16510,2,0,2,2,0,4,2,0,,0,205,215
16511,2,0,0,2,0,4,0,0,,0,205,215
16512,2,0,2,2,0,527,0,0,,0,205,736
16513,2,0,0,2,0,2,0,0,,0,205,209
16514,0,0,0,2,0,4,0,0,,0,205,211
16515,2,0,0,2,0,4,0,0,,0,205,215
16516,2,0,2,0,0,4,0,0,,0,207,213
16517,2,0,0,2,0,520,0,0,,0,207,731
16518,0,0,2,2,0,2,0,0,,0,205,207
16519,2,0,0,0,0,2,0,0,,0,205,209
16520,2,0,0,0,0,2,0,0,,0,205,211
16521,2,0,2,0,0,4,2,0,,0,205,213
16522,2,0,0,0,0,4,0,0,,0,205,215
16523,2,0,2,0,0,2,0,0,,0,205,209
16524,2,0,0,0,0,4,0,0,,0,207,213
16525,2,0,0,2,0,194,0,0,,0,205,405
16526,2,0,2,0,0,2,0,0,,0,205,211
16527,2,0,0,0,0,4,0,0,,0,205,213
16528,2,0,0,2,0,2,0,0,,0,205,213
16529,2,0,2,2,0,4,0,0,,0,207,215
16530,2,0,2,2,0,4,0,0,,0,205,211
16531,2,0,0,2,0,4,0,0,,0,205,215
16532,2,0,2,0,0,4,0,0,,0,207,215
16533,2,0,0,0,0,2,0,0,,0,207,215
16534,0,0,2,2,0,2,0,0,,0,205,207
16535,2,0,0,2,0,2,0,0,,0,205,209
16536,2,0,0,2,0,2,0,0,,0,205,213
16537,2,0,2,0,0,2,0,0,,0,207,211
16538,2,0,0,0,0,2,0,0,,0,207,213
16539,2,0,0,2,0,4,2,0,,0,205,215
16540,2,0,2,0,0,4,0,0,,0,205,213
16541,2,0,2,2,0,4,0,0,,0,207,215
16542,2,0,0,0,0,4,0,0,,0,205,215
16543,2,0,2,0,0,4,0,0,,0,205,211
16544,2,0,0,2,0,4,0,0,,0,207,215
16545,2,0,2,2,0,4,0,0,,0,207,217
16546,2,0,2,0,0,241,0,0,,0,205,450
16547,2,0,0,0,0,2,0,0,,0,207,215
16548,0,0,2,2,0,2,2,0,,0,205,209
16549,2,0,0,2,0,4,0,0,,0,207,213
16550,2,0,0,2,0,4,0,0,,0,205,213
16551,2,0,0,0,0,4,0,0,,0,207,215
16552,0,0,0,0,0,252,0,0,,0,207,463
16553,2,0,2,2,0,2,0,0,,0,205,209
16554,2,0,0,2,0,2,0,0,,0,205,211
16555,2,0,2,2,0,2,0,0,,0,207,213
16556,6,0,0,0,0,2,0,0,,0,205,217
16557,13,0,2,0,0,4,0,0,,0,205,222
16558,13,0,0,2,0,2,0,0,,0,205,224
16559,13,0,2,2,0,4,0,0,,0,205,226
16560,15,0,2,0,0,4,0,0,,0,205,224
16561,15,0,0,2,0,4,0,0,,0,205,228
16562,13,0,2,2,0,4,0,0,,0,205,224
16563,13,0,0,0,0,2,0,0,,0,205,220
16564,2,0,0,2,0,2,0,0,,0,205,211
16565,2,0,0,2,0,4,0,0,,0,205,215
16566,2,0,2,0,0,2,0,0,,0,205,211
16567,2,0,0,2,0,4,0,0,,0,205,215
16568,2,0,2,2,0,2,0,0,,0,207,211
16569,2,0,0,2,0,4,0,0,,0,205,215
16570,2,0,2,2,0,4,0,0,,0,205,215
16571,2,0,2,0,0,2,0,0,,0,207,211
16572,11,0,0,2,0,4,0,0,,0,205,224
16573,36,0,2,2,0,4,0,0,,0,207,249
16574,47,0,0,0,0,2,0,0,,0,205,256
16575,47,0,2,2,0,2,0,0,,0,205,256
16576,49,0,2,2,0,286,0,0,,0,205,540
16577,51,0,0,0,0,4,0,0,,0,205,264
16578,51,0,2,0,0,4,2,0,,0,205,262
16579,53,0,0,0,0,2,0,0,,0,203,260
16580,53,0,0,2,0,2,0,0,,0,203,262
16581,53,0,2,0,0,4,0,0,,0,205,264
16582,60,0,2,2,0,2,0,0,,0,205,267
16583,100,0,0,2,0,2,0,0,,0,205,309
16584,100,0,2,0,0,2,0,0,,0,205,309
16585,102,0,0,0,0,2,0,0,,0,205,313
16586,102,0,2,0,0,4,0,0,,0,205,313
16587,102,0,2,2,0,2,0,0,,0,205,309
16588,102,0,0,2,0,2,0,0,,0,205,313
16589,102,0,2,0,0,2,0,0,,0,205,309
16590,102,0,0,0,0,2,0,0,,0,203,309
16591,100,0,2,2,0,4,0,0,,0,205,311
16592,100,0,2,0,0,328,0,0,,0,205,635
16593,98,0,0,0,0,2,0,0,,0,203,305
16594,96,0,0,0,0,4,0,0,,0,203,305
16595,96,0,2,2,0,2,0,0,,0,205,305
16596,49,0,0,2,0,2,0,0,,0,203,256
16597,47,0,0,0,0,4,2,0,,0,203,258
16598,47,0,2,2,0,4,0,0,,0,203,256
16599,51,0,0,2,0,2,0,0,,0,205,260
16600,51,0,2,0,0,4,0,0,,0,205,260
16601,53,0,0,2,0,2,0,0,,0,205,264
16602,53,0,2,0,0,339,0,0,,0,205,601
16603,53,0,2,0,0,2,0,0,,0,203,258
16604,53,0,0,2,0,4,0,0,,0,203,262
16605,53,0,0,2,0,4,0,0,,0,203,264
16606,51,0,2,0,0,4,0,0,,0,205,260
16607,53,0,0,2,0,2,0,0,,0,203,260
16608,53,0,0,2,0,4,0,0,,0,205,262
16609,53,0,0,0,0,4,0,0,,0,205,266
16610,53,0,2,2,0,2,0,0,,0,203,258
16611,53,0,0,0,0,2,0,0,,0,203,262
16612,53,0,2,2,0,2,0,0,,0,203,258
16613,53,0,0,0,0,4,0,0,,0,205,264
16614,55,0,0,2,0,4,0,0,,0,205,268
16615,53,0,2,0,0,2,0,0,,0,205,260
16616,53,0,0,2,0,4,0,0,,0,205,264
16617,53,0,0,2,0,4,0,0,,0,205,266
16618,53,0,2,0,0,4,0,0,,0,205,264
16619,53,0,0,2,0,290,2,0,,0,203,548
16620,53,0,0,2,0,2,0,0,,0,203,260
16621,55,0,2,2,0,2,0,0,,0,203,262
16622,53,0,0,0,0,4,0,0,,0,203,264
16623,51,0,2,0,0,4,0,0,,0,203,260
16624,49,0,0,2,0,4,0,0,,0,205,260
16625,47,0,0,2,0,4,0,0,,0,205,258
16626,47,0,2,2,0,2,0,0,,0,205,256
16627,43,0,0,2,0,4,0,0,,0,203,254
16628,45,0,2,0,0,4,0,0,,0,203,254
16629,45,0,0,2,0,4,0,0,,0,205,258
16630,43,0,2,2,0,4,0,0,,0,203,250
16631,45,0,0,2,0,4,0,0,,0,205,256
16632,49,0,2,2,0,4,0,0,,0,205,260
16633,51,0,0,0,0,2,0,0,,0,203,260
16634,53,0,2,0,0,4,0,0,,0,203,264
16635,53,0,2,2,0,2,0,0,,0,205,260
16636,55,0,0,2,0,2,0,0,,0,205,264
16637,55,0,2,2,0,4,0,0,,0,205,266
16638,55,0,0,0,0,2,0,0,,0,205,264
16639,55,0,2,0,0,2,0,0,,0,205,266
16640,58,0,2,2,0,4,0,0,,0,205,267
16641,58,0,0,0,0,4,0,0,,0,205,269
16642,58,0,2,2,0,2,0,0,,0,205,267
16643,58,0,0,0,0,232,0,0,,0,205,495
16644,58,0,0,0,0,2,0,0,,0,203,267
16645,58,0,2,2,0,4,0,0,,0,205,271
16646,55,0,2,0,0,4,0,0,,0,205,264
16647,58,0,0,2,0,2,0,0,,0,205,269
16648,58,0,2,2,0,4,0,0,,0,205,269
16649,58,0,0,0,0,4,0,0,,0,205,271
16650,58,0,2,2,0,2,0,0,,0,205,269
16651,58,0,2,2,0,4,0,0,,0,205,267
16652,62,0,0,2,0,2,0,0,,0,205,271
16653,66,0,2,2,0,2,0,0,,0,205,275
16654,66,0,0,0,0,2,0,0,,0,205,275
16655,41,0,2,0,0,4,0,0,,0,203,248
16656,0,0,0,2,0,4,0,0,,0,205,213
16657,2,0,2,0,0,2,0,0,,0,205,211
16658,2,0,0,0,0,2,0,0,,0,205,213
16659,2,0,2,2,0,2,0,0,,0,205,211
16660,0,0,0,2,0,4,0,0,,0,205,211
16661,2,0,2,2,0,518,0,0,,0,203,727
16662,2,0,2,2,0,2,0,0,,0,205,211
16663,2,0,0,0,0,2,0,0,,0,205,213
16664,2,0,2,2,0,2,0,0,,0,205,211
16665,2,0,0,2,0,4,0,0,,0,205,213
16666,2,0,2,2,0,168,0,0,,0,205,375
16667,2,0,0,2,0,4,0,0,,0,203,213
16668,2,0,2,0,0,2,0,0,,0,205,211
16669,2,0,0,0,0,4,0,0,,0,205,215
16670,2,0,2,2,0,4,0,0,,0,205,211
16671,2,0,0,2,0,4,0,0,,0,205,211
16672,0,0,0,2,0,2,0,0,,0,205,211
16673,2,0,2,0,0,2,0,0,,0,205,211
16674,2,0,0,0,0,2,0,0,,0,205,211
16675,2,0,2,2,0,2,0,0,,0,205,211
16676,0,0,0,2,0,4,0,0,,0,205,211
16677,2,0,2,0,0,2,2,0,,0,205,215
16678,2,0,2,2,0,2,0,0,,0,205,211
16679,2,0,0,0,0,2,0,0,,0,205,209
16680,2,0,0,2,0,4,0,0,,0,205,213
16681,2,0,2,2,0,4,0,0,,0,205,213
16682,2,0,0,0,0,2,0,0,,0,0,6
16683,2,0,0,0,0,4,0,0,,0,0,10
16684,2,0,2,2,0,2,0,0,,0,0,6
16685,2,0,0,2,0,4,2,0,,0,0,10
16686,2,0,2,2,0,4,0,0,,0,0,6
16687,2,0,0,2,0,4,0,0,,0,0,10
16688,0,0,2,0,0,4,0,0,,0,0,6
16689,2,0,2,0,0,4,0,0,,0,0,6
16690,2,0,0,2,0,589,0,0,,0,0,595
16691,2,0,2,0,0,4,0,0,,0,0,8
16692,2,0,0,0,0,2,0,0,,0,0,6
16693,2,0,2,2,0,2,0,0,,0,0,4
16694,2,0,0,2,0,2,0,0,,0,0,8
16695,2,0,2,0,0,4,0,0,,0,0,8
16696,2,0,0,0,0,2,0,0,,0,0,6
16697,0,0,2,2,0,2,0,0,,0,0,4
16698,2,0,0,2,0,4,0,0,,0,0,6
16699,2,0,0,0,0,4,0,0,,0,0,8
16700,2,0,2,2,0,4,0,0,,0,0,8
16701,2,0,0,0,0,4,0,0,,0,0,10
16702,2,0,2,0,0,4,0,0,,0,0,6
16703,2,0,0,2,0,81,0,0,,0,0,85
16704,2,0,0,2,0,621,0,0,,0,0,627
16705,2,0,2,0,0,4,0,0,,0,0,8
16706,2,0,0,2,0,4,0,0,,0,0,10
16707,2,0,2,2,0,4,0,0,,0,0,6
16708,2,0,0,2,0,4,0,0,,0,0,6
16709,2,0,0,2,0,4,0,0,,0,0,10
16710,2,0,2,0,0,4,0,0,,0,0,8
16711,2,0,0,0,0,2,0,0,,0,0,6
16712,2,0,2,2,0,4,0,0,,0,0,6
16713,0,0,0,2,0,2,0,0,,0,0,6
16714,2,0,2,0,0,4,0,0,,0,0,6
16715,2,0,0,0,0,2,0,0,,0,0,8
16716,2,0,2,2,0,4,0,0,,0,0,6
16717,2,0,0,0,0,2,0,0,,0,0,8
16718,2,0,2,2,0,2,0,0,,0,0,6
16719,2,0,0,0,0,4,0,0,,0,0,6
16720,2,0,0,2,0,70,0,0,,0,0,74
16721,2,0,2,2,0,629,0,0,,0,0,635
16722,2,0,2,0,0,4,0,0,,0,0,8
16723,2,0,0,0,0,4,0,0,,0,0,6
16724,2,0,0,2,0,4,0,0,,0,0,10
16725,2,0,2,2,0,4,0,0,,0,0,10
16726,2,0,2,0,0,4,0,0,,0,0,8
16727,0,0,0,2,0,4,0,0,,0,0,6
16728,2,0,2,2,0,4,0,0,,0,0,8
16729,2,0,2,2,0,2,0,0,,0,0,6
16730,2,0,0,0,0,4,0,0,,0,0,8
16731,2,0,2,0,0,4,0,0,,0,0,6
16732,2,0,0,2,0,2,0,0,,0,0,8
16733,2,0,2,0,0,2,0,0,,0,0,6
16734,2,0,0,0,0,4,0,0,,0,0,6
16735,2,0,0,2,0,4,0,0,,0,0,10
16736,2,0,2,2,0,2,0,0,,0,2,8
16737,2,0,2,0,0,68,2,0,,0,0,74
16738,2,0,0,2,0,4,0,0,,0,0,8
16739,2,0,0,0,0,4,0,0,,0,0,8
16740,2,0,2,2,0,2,0,0,,0,0,6
16741,2,0,2,2,0,4,0,0,,0,0,8
16742,2,0,0,0,0,4,0,0,,0,0,10
16743,2,0,2,0,0,2,0,0,,0,0,4
16744,2,0,0,2,0,4,0,0,,0,0,8
16745,2,0,2,2,0,4,0,0,,0,0,8
16746,2,0,0,0,0,4,0,0,,0,0,10
16747,2,0,2,0,0,4,0,0,,0,2,10
16748,2,0,2,2,0,2,0,0,,0,0,4
16749,2,0,0,2,0,2,2,0,,0,0,8
16750,2,0,0,0,0,4,0,0,,0,0,8
16751,2,0,2,0,0,2,0,0,,0,0,6
16752,2,0,0,2,0,4,0,0,,0,0,8
16753,2,0,0,0,0,4,0,0,,0,0,8
16754,2,0,2,2,0,73,0,0,,0,0,75
16755,2,0,0,2,0,627,0,0,,0,0,631
16756,2,0,0,0,0,4,0,0,,0,0,10
16757,2,0,2,0,0,2,0,0,,0,2,6
16758,2,0,0,2,0,2,0,0,,0,0,8
16759,2,0,2,2,0,2,0,0,,0,0,6
16760,2,0,0,0,0,2,0,0,,0,0,4
16761,2,0,0,2,0,4,0,0,,0,0,8
16762,2,0,2,2,0,2,0,0,,0,0,6
16763,2,0,0,0,0,2,0,0,,0,0,8
16764,2,0,2,0,0,2,0,0,,0,0,6
16765,2,0,0,2,0,4,0,0,,0,0,8
16766,2,0,0,2,0,4,0,0,,0,0,8
16767,2,0,2,2,0,4,0,0,,0,0,8
16768,2,0,0,2,0,4,0,0,,0,2,12
16769,2,0,2,0,0,2,0,0,,0,0,6
16770,2,0,0,2,0,2,0,0,,0,0,6
16771,2,0,2,2,0,4,0,0,,0,0,10
16772,2,0,2,2,0,4,0,0,,0,0,8
16773,2,0,0,0,0,2,0,0,,0,0,6
16774,0,0,0,2,0,2,0,0,,0,0,4
16775,2,0,0,2,0,2,0,0,,0,0,6
16776,2,0,2,2,0,4,0,0,,0,0,8
16777,2,0,0,2,0,73,0,0,,0,0,79
16778,2,0,2,0,0,625,0,0,,0,0,629
16779,2,0,2,2,0,4,0,0,,0,0,6
16780,2,0,0,2,0,4,0,0,,0,0,10
16781,2,0,2,0,0,4,0,0,,0,0,8
16782,2,0,0,0,0,4,0,0,,0,0,10
16783,2,0,2,2,0,4,0,0,,0,0,8
16784,0,0,2,2,0,4,0,0,,0,0,6
16785,2,0,0,2,0,2,0,0,,0,2,6
16786,2,0,0,0,0,2,0,0,,0,0,8
16787,2,0,2,2,0,618,0,0,,0,0,622
16788,2,0,0,0,0,4,0,0,,0,0,8
16789,2,0,2,2,0,2,0,0,,0,0,4
16790,2,0,0,2,0,4,0,0,,0,0,8
16791,2,0,0,0,0,4,0,0,,0,0,10
16792,2,0,2,0,0,4,0,0,,0,0,6
16793,2,0,0,2,0,4,0,0,,0,0,10
16794,2,0,2,2,0,2,0,0,,0,0,6
16795,2,0,0,0,0,4,0,0,,41,0,49
16796,2,0,0,2,0,2,2,0,,38,0,46
16797,2,0,2,2,0,2,0,0,,38,0,44
16798,2,0,0,2,0,2,0,0,,38,0,46
16799,2,0,2,0,0,2,0,0,,38,0,42
16800,2,0,0,2,0,2,0,0,,38,0,44
16801,2,0,0,2,0,4,0,0,,38,0,46
16802,2,0,0,0,0,2,0,0,,38,0,46
16803,2,0,2,2,0,4,0,0,,41,0,47
16804,2,0,0,2,0,4,0,0,,38,0,44
16805,2,0,0,2,0,2,0,0,,38,0,44
16806,2,0,2,0,0,2,0,0,,41,0,47
16807,2,0,0,0,0,2,0,0,,41,0,49
16808,2,0,2,0,0,2,0,0,,38,0,42
16809,2,0,0,2,0,4,0,0,,41,0,47
16810,2,0,0,2,0,4,0,0,,38,0,48
16811,2,0,2,0,0,4,0,0,,41,0,49
16812,2,0,0,0,0,2,0,0,,41,0,47
16813,2,0,2,2,0,4,0,0,,38,0,48
16814,2,0,2,2,0,2,2,0,,38,0,46
16815,2,0,2,0,0,2,0,0,,38,0,42
16816,2,0,0,2,0,2,0,0,,38,0,46
16817,2,0,2,0,0,2,0,0,,41,0,47
16818,2,0,0,0,0,4,0,0,,38,0,46
16819,0,0,2,2,0,4,0,0,,38,0,42
16820,2,0,0,2,0,2,0,0,,41,0,49
16821,2,0,2,0,0,51,0,0,,38,0,93
16822,2,0,0,0,0,4,0,0,,38,0,46
16823,2,0,2,2,0,4,0,0,,38,2,48
16824,2,0,0,2,0,2,0,0,,41,0,49
16825,2,0,2,0,0,4,0,0,,38,0,46
16826,2,0,0,2,0,4,0,0,,38,0,46
16827,2,0,0,2,0,4,0,0,,38,0,48
16828,2,0,2,2,0,43,0,0,,41,0,86
16829,2,0,0,2,0,4,0,0,,41,0,49
16830,2,0,2,2,0,4,0,0,,38,0,46
16831,2,0,0,0,0,2,0,0,,38,0,44
16832,2,0,0,0,0,2,0,0,,38,2,46
16833,2,0,2,2,0,644,0,0,,38,0,686
16834,2,0,0,2,0,4,0,0,,41,0,51
16835,2,0,2,0,0,2,0,0,,41,0,45
16836,2,0,0,2,0,2,0,0,,38,0,46
16837,2,0,2,2,0,4,0,0,,41,0,51
16838,2,0,2,0,0,36,0,0,,38,0,78
16839,2,0,0,2,0,2,0,0,,38,0,46
16840,2,0,2,2,0,4,0,0,,38,0,44
16841,2,0,0,2,0,4,0,0,,38,0,48
16842,2,0,2,2,0,2,0,0,,38,0,46
16843,2,0,2,0,0,2,0,0,,38,0,44
16844,17,0,0,2,0,4,0,0,,41,0,64
16845,15,0,2,2,0,4,0,0,,38,0,59
16846,15,0,0,2,0,4,0,0,,41,0,64
16847,15,0,2,0,0,2,0,0,,41,0,60
16848,13,0,2,2,0,4,0,0,,38,0,55
16849,15,0,0,2,0,2,0,0,,41,0,60
16850,13,0,2,0,0,4,0,0,,38,0,57
16851,15,0,0,0,0,2,0,0,,38,0,57
16852,15,0,0,0,0,2,0,0,,38,0,57
16853,15,0,2,2,0,4,0,0,,41,0,64
16854,17,0,2,2,0,2,0,0,,41,0,60
16855,19,0,0,0,0,4,0,0,,38,0,63
16856,19,0,2,2,0,2,0,0,,41,0,64
16857,21,0,0,0,0,2,0,0,,41,0,68
16858,23,0,2,0,0,2,0,0,,41,0,70
16859,23,0,2,2,0,2,0,0,,38,0,65
16860,26,0,0,2,0,4,0,0,,38,0,72
16861,26,0,2,2,0,26,0,0,,41,0,93
16862,26,0,0,2,0,4,0,0,,38,0,70
16863,28,0,2,2,0,2,0,0,,38,0,72
16864,28,0,2,0,0,2,0,0,,41,0,73
16865,26,0,0,0,0,4,0,0,,41,0,73
16866,28,0,2,2,0,2,0,0,,38,0,68
16867,28,0,0,2,0,4,0,0,,41,0,77
16868,26,0,2,0,0,4,0,0,,38,0,72
16869,26,0,2,0,0,4,0,0,,38,0,68
16870,28,0,0,2,0,4,0,0,,41,0,75
16871,28,0,2,2,0,2,0,0,,38,0,70
16872,26,0,0,0,0,4,0,0,,38,0,68
16873,26,0,0,0,0,4,0,0,,38,0,70
16874,26,0,0,2,0,2,0,0,,41,0,73
16875,26,0,2,0,0,4,0,0,,38,0,70
16876,26,0,0,2,0,2,0,0,,38,0,68
16877,26,0,2,2,0,4,0,0,,41,0,73
16878,26,0,0,2,0,2,0,0,,38,0,70
16879,26,0,2,0,0,28,0,0,,38,0,96
16880,23,0,2,2,0,2,0,0,,38,0,63
16881,26,0,0,2,0,2,0,0,,38,0,70
16882,41,0,2,2,0,4,0,0,,38,0,85
16883,58,0,0,0,0,4,0,0,,38,0,102
16884,60,0,2,2,0,661,0,0,,38,0,763
16885,62,0,2,2,0,4,0,0,,38,0,106
16886,62,0,0,0,0,2,0,0,,38,0,104
16887,64,0,2,2,0,2,0,0,,38,0,104
16888,66,0,0,2,0,4,0,0,,38,0,112
16889,66,0,2,0,0,4,0,0,,38,0,110
16890,68,0,0,0,0,4,0,0,,38,0,112
16891,70,0,0,2,0,4,0,0,,38,0,112
16892,68,0,0,2,0,4,0,0,,38,0,112
16893,68,0,2,2,0,4,0,0,,38,0,112
16894,68,0,0,0,0,2,0,0,,38,0,110
16895,68,0,2,0,0,4,0,0,,38,0,114
16896,68,0,2,2,0,2,0,0,,38,2,112
16897,19,0,0,0,0,2,0,0,,38,0,61
16898,2,0,2,2,0,2,0,0,,38,0,44
16899,2,0,0,2,0,2,0,0,,41,0,49
16900,2,0,2,0,0,2,0,0,,41,0,49
16901,2,0,2,2,0,4,0,0,,38,0,46
16902,2,0,0,2,0,2,0,0,,38,0,44
16903,2,0,2,2,0,2,0,0,,38,0,44
16904,2,0,0,2,0,4,0,0,,38,0,48
16905,2,0,2,0,0,2,0,0,,41,0,45
16906,2,0,0,2,0,4,0,0,,38,2,48
16907,2,0,0,2,0,2,2,0,,38,0,46
16908,2,0,0,0,0,4,0,0,,41,0,49
16909,2,0,2,2,0,2,0,0,,28,0,34
16910,2,0,0,2,0,4,0,0,,0,0,10
16911,2,0,2,0,0,4,0,0,,0,0,8
16912,2,0,2,2,0,2,0,0,,0,0,4
16913,2,0,0,2,0,4,0,0,,0,0,8
16914,2,0,2,0,0,2,0,0,,0,0,6
16915,2,0,0,0,0,4,0,0,,0,0,8
16916,2,0,2,0,0,4,0,0,,0,0,10
16917,2,0,2,2,0,4,2,0,,0,0,10
16918,2,0,0,0,0,2,0,0,,0,0,6
16919,2,0,2,2,0,11,0,0,,0,0,15
16920,2,0,0,2,0,2,0,0,,0,0,8
16921,2,0,2,0,0,2,0,0,,0,0,8
16922,2,0,2,2,0,4,0,0,,0,0,6
16923,2,0,0,2,0,2,0,0,,0,0,8
16924,2,0,2,2,0,4,0,0,,0,0,8
16925,2,0,0,0,0,2,0,0,,0,0,8
16926,2,0,2,2,0,2,0,0,,0,0,6
16927,2,0,0,2,0,4,0,0,,0,0,6
16928,2,0,0,2,0,4,0,0,,0,0,8
16929,2,0,0,2,0,2,0,0,,0,0,6
16930,2,0,2,0,0,2,0,0,,0,0,4
16931,2,0,0,2,0,4,0,0,,0,0,10
16932,2,0,2,0,0,2,0,0,,0,0,6
16933,2,0,2,0,0,4,0,0,,0,2,10
16934,2,0,0,2,0,4,0,0,,0,0,8
16935,2,0,2,0,0,4,0,0,,0,0,8
16936,2,0,0,2,0,2,0,0,,0,0,8
16937,2,0,2,0,0,4,0,0,,0,0,6
16938,2,0,0,2,0,2,0,0,,0,0,6
16939,2,0,0,2,0,4,0,0,,0,0,10
16940,2,0,2,0,0,4,0,0,,0,0,6
16941,2,0,0,2,0,4,0,0,,0,0,10
16942,2,0,2,2,0,2,0,0,,0,0,4
16943,2,0,0,0,0,2,0,0,,0,2,8
16944,2,0,0,2,0,4,0,0,,0,0,10
16945,2,0,2,0,0,6,0,0,,0,0,8
16946,2,0,0,2,0,2,0,0,,0,0,8
16947,2,0,2,2,0,4,0,0,,0,0,8
16948,2,0,0,0,0,2,0,0,,0,0,4
16949,2,0,0,2,0,2,0,0,,0,0,6
16950,2,0,0,2,0,678,0,0,,0,0,680
16951,2,0,0,0,0,2,0,0,,0,0,6
16952,2,0,2,2,0,2,0,0,,0,0,6
16953,2,0,2,0,0,2,0,0,,0,0,6
16954,2,0,0,0,0,2,0,0,,0,2,8
16955,2,0,2,0,0,4,0,0,,0,0,8
16956,2,0,0,2,0,2,0,0,,0,0,6
16957,2,0,2,0,0,4,0,0,,0,0,8
16958,2,0,0,2,0,2,0,0,,0,0,6
16959,2,0,0,0,0,2,0,0,,0,0,8
16960,2,0,2,2,0,4,0,0,,0,0,6
16961,2,0,0,2,0,2,2,0,,0,0,8
16962,0,0,2,2,0,4,0,0,,0,0,4
16963,2,0,0,0,0,4,0,0,,0,0,8
16964,2,0,0,0,0,4,0,0,,0,0,10
16965,2,0,2,0,0,4,0,0,,0,2,10
16966,2,0,0,2,0,2,0,0,,0,0,6
16967,2,0,2,2,0,680,0,0,,0,0,682
16968,2,0,0,2,0,4,0,0,,0,0,6
16969,2,0,0,0,0,4,0,0,,0,0,10
16970,2,0,2,0,0,4,0,0,,0,0,8
16971,2,0,0,0,0,4,0,0,,0,0,8
16972,2,0,2,2,0,2,0,0,,0,0,6
16973,2,0,0,2,0,4,0,0,,0,0,10
16974,2,0,2,0,0,4,0,0,,0,0,8
16975,2,0,2,2,0,2,0,0,,0,0,6
16976,2,0,0,2,0,4,0,0,,0,0,6
16977,2,0,0,0,0,2,0,0,,0,0,8
16978,2,0,2,2,0,2,0,0,,0,0,4
16979,0,0,0,0,0,4,0,0,,0,0,4
16980,2,0,0,2,0,4,0,0,,0,0,10
16981,2,0,2,0,0,2,0,0,,0,0,4
16982,2,0,0,0,0,2,0,0,,0,0,8
16983,2,0,2,2,0,2,0,0,,0,0,4
16984,2,0,0,0,0,4,0,0,,0,0,10
16985,2,0,2,2,0,4,0,0,,0,0,10
16986,2,0,2,0,0,4,0,0,,0,0,6
16987,2,0,0,2,0,4,0,0,,0,0,10
16988,2,0,2,2,0,2,0,0,,0,0,6
16989,2,0,0,0,0,4,0,0,,0,0,8
16990,2,0,2,2,0,4,0,0,,0,0,8
16991,2,0,2,2,0,4,0,0,,0,0,6
16992,2,0,0,0,0,2,0,0,,0,0,8
16993,2,0,2,0,0,2,0,0,,0,0,6
16994,2,0,0,0,0,4,0,0,,0,0,8
16995,2,0,2,2,0,2,0,0,,0,0,8
16996,2,0,2,2,0,4,0,0,,0,0,8
16997,2,0,0,0,0,2,0,0,,0,0,6
16998,2,0,2,2,0,2,0,0,,0,0,6
16999,2,0,0,2,0,4,0,0,,0,0,8
17000,2,0,2,0,0,4,0,0,,0,0,10
17001,2,0,2,2,0,4,0,0,,0,0,8
17002,2,0,0,0,0,2,0,0,,0,0,4
17003,2,0,0,2,0,4,0,0,,0,0,10
17004,2,0,2,2,0,4,0,0,,0,0,8
17005,0,0,0,0,0,2,0,0,,0,0,4
17006,2,0,2,2,0,4,0,0,,0,0,10
17007,2,0,2,2,0,2,0,0,,0,0,6
17008,2,0,0,0,0,4,0,0,,0,0,10
17009,2,0,2,2,0,4,0,0,,0,0,8
17010,2,0,0,2,0,2,0,0,,0,0,6
17011,2,0,2,2,0,4,0,0,,0,0,10
17012,2,0,2,2,0,2,0,0,,0,0,6
17013,2,0,0,0,0,2,0,0,,0,0,6
17014,2,0,2,2,0,4,0,0,,0,0,8
17015,2,0,0,2,0,4,0,0,,0,0,10
17016,2,0,2,0,0,2,0,0,,0,0,6
17017,2,0,2,2,0,4,0,0,,0,0,6
17018,0,0,0,2,0,4,0,0,,0,0,8
17019,2,0,2,0,0,2,0,0,,0,0,6
17020,2,0,0,0,0,4,0,0,,0,0,8
17021,2,0,2,2,0,4,0,0,,0,0,8
17022,2,0,0,2,0,4,0,0,,0,0,10
17023,2,0,2,0,0,2,2,0,,0,0,6
17024,2,0,0,2,0,2,0,0,,0,2,8
17025,2,0,2,2,0,4,0,0,,0,0,8
17026,0,0,0,0,0,4,0,0,,0,0,4
17027,2,0,0,0,0,4,0,0,,0,0,10
17028,2,0,2,2,0,2,0,0,,0,0,6
17029,2,0,0,0,0,4,0,0,,0,0,10
17030,2,0,2,2,0,2,0,0,,0,0,4
17031,2,0,0,2,0,2,0,0,,0,0,6
17032,2,0,2,2,0,2,2,0,,0,0,10
17033,2,0,2,0,0,4,0,0,,0,0,6
17034,2,0,0,0,0,4,0,0,,0,0,8
17035,2,0,2,2,0,4,0,0,,0,0,8
17036,2,0,0,0,0,4,0,0,,0,0,10
17037,2,0,2,0,0,2,0,0,,0,0,8
17038,2,0,2,2,0,4,0,0,,0,0,8
17039,2,0,0,2,0,4,0,0,,0,0,8
17040,0,0,2,2,0,4,0,0,,0,0,6
17041,2,0,0,2,0,2,0,0,,0,0,8
17042,2,0,2,0,0,2,0,0,,0,2,8
17043,2,0,2,2,0,4,0,0,,0,0,8
17044,2,0,0,2,0,4,0,0,,0,0,10
17045,2,0,2,0,0,2,0,0,,0,0,4
17046,2,0,0,2,0,4,0,0,,0,0,8
17047,2,0,0,2,0,2,0,0,,0,0,6
17048,2,0,2,0,0,4,0,0,,0,0,10
17049,2,0,2,2,0,4,0,0,,0,0,6
17050,2,0,0,0,0,4,0,0,,0,0,8
17051,2,0,2,2,0,4,2,0,,0,2,12
17052,2,0,0,0,0,4,0,0,,0,0,8
17053,2,0,2,0,0,4,0,0,,0,0,8
17054,2,0,2,2,0,2,0,0,,0,0,6
17055,2,0,0,0,0,4,0,0,,0,0,10
17056,2,0,2,0,0,4,0,0,,0,0,8
17057,0,0,0,2,0,2,0,0,,0,0,4
17058,2,0,2,2,0,2,0,0,,0,0,8
17059,2,0,2,2,0,2,0,0,,0,0,6
17060,2,0,0,0,0,2,0,0,,0,2,8
17061,2,0,2,2,0,4,0,0,,0,0,8
17062,2,0,0,2,0,4,0,0,,0,0,8
17063,2,0,0,0,0,4,0,0,,0,0,8
17064,2,0,2,2,0,2,0,0,,0,0,8
17065,0,0,2,2,0,4,0,0,,0,0,4
17066,2,0,0,0,0,4,0,0,,0,0,10
17067,2,0,2,2,0,2,0,0,,0,0,6
17068,2,0,0,0,0,2,0,0,,0,0,6
17069,2,0,2,2,0,2,2,0,,0,0,10
17070,2,0,2,2,0,2,0,0,,0,0,6
17071,2,0,0,0,0,4,0,0,,0,0,8
17072,2,0,2,2,0,2,0,0,,0,0,4
17073,2,0,0,2,0,4,0,0,,0,0,10
17074,2,0,2,0,0,4,0,0,,0,0,8
17075,2,0,2,0,0,2,0,0,,0,0,6
17076,2,0,0,2,0,4,0,0,,0,0,10
17077,2,0,2,0,0,4,0,0,,0,0,6
17078,2,0,0,2,0,4,0,0,,0,0,10
17079,2,0,2,2,0,4,0,0,,0,0,10
17080,2,0,2,0,0,4,0,0,,0,0,6
17081,2,0,0,2,0,4,2,0,,0,0,10
17082,2,0,0,2,0,2,0,0,,0,0,6
17083,2,0,2,0,0,4,0,0,,0,0,6
17084,2,0,0,2,0,2,0,0,,0,0,8
17085,2,0,2,0,0,4,0,0,,0,0,8
17086,2,0,2,0,0,4,0,0,,0,0,6
17087,2,0,0,2,0,2,0,0,,0,0,8
17088,2,0,2,0,0,4,0,0,,0,0,6
17089,2,0,0,0,0,4,0,0,,0,0,10
17090,2,0,2,2,0,4,0,0,,0,0,8
17091,2,0,2,0,0,4,0,0,,0,0,8
17092,2,0,0,2,0,2,0,0,,0,0,6
17093,2,0,2,0,0,4,0,0,,0,0,8
17094,2,0,0,2,0,4,0,0,,0,0,8
17095,2,0,2,0,0,4,0,0,,0,0,8
17096,2,0,2,2,0,2,0,0,,0,0,6
17097,2,0,0,0,0,4,0,0,,0,0,8
17098,2,0,2,0,0,4,0,0,,0,0,6
17099,2,0,0,2,0,2,0,0,,0,0,6
17100,0,0,2,0,0,2,0,0,,0,0,4
17101,2,0,0,0,0,4,0,0,,0,0,10
17102,2,0,2,0,0,4,0,0,,0,0,8
17103,2,0,0,2,0,4,0,0,,0,0,8
17104,2,0,2,2,0,2,0,0,,0,0,6
17105,2,0,0,2,0,2,0,0,,0,0,8
17106,2,0,2,0,0,2,0,0,,0,0,6
17107,2,0,2,2,0,4,0,0,,0,0,6
17108,2,0,0,2,0,4,0,0,,0,0,10
17109,2,0,2,0,0,4,0,0,,0,0,6
17110,2,0,0,0,0,680,0,0,,0,2,688
17111,2,0,2,2,0,4,0,0,,0,0,10
17112,2,0,2,0,0,4,0,0,,0,0,8
17113,2,0,0,2,0,4,0,0,,0,0,8
17114,2,0,2,2,0,4,0,0,,0,0,6
17115,2,0,0,2,0,4,0,0,,0,0,10
17116,2,0,2,0,0,2,0,0,,0,0,8
17117,2,0,2,0,0,4,0,0,,0,0,8
17118,2,0,0,2,0,2,0,0,,0,0,8
17119,2,0,2,2,0,2,0,0,,0,0,4
17120,2,0,0,2,0,2,0,0,,0,0,6
17121,2,0,0,2,0,2,0,0,,0,0,6
17122,2,0,2,0,0,4,0,0,,0,0,8
17123,2,0,2,2,0,2,0,0,,0,0,4
17124,2,0,0,0,0,2,0,0,,0,0,8
17125,2,0,2,0,0,4,0,0,,0,0,6
17126,2,0,0,0,0,4,0,0,,0,0,10
17127,2,0,2,2,0,680,0,0,,0,0,684
17128,2,0,2,0,0,4,0,0,,0,0,10
17129,2,0,2,2,0,2,0,0,,0,0,6
17130,2,0,0,0,0,4,0,0,,0,0,8
17131,2,0,2,2,0,2,0,0,,0,0,6
17132,0,0,0,2,0,2,0,0,,0,0,6
17133,2,0,2,0,0,2,0,0,,0,0,6
17134,2,0,2,2,0,2,0,0,,0,0,4
17135,2,0,0,2,0,4,0,0,,0,0,6
