time,boiler,fridge,freezer,mw,waterkettle,coffee,lamp,lamp,lmap,lmap,lamp,total
10500,2,0,0,0,0,2,0,0,,0,0,8
10501,2,0,2,2,0,4,0,0,,0,0,6
10502,2,0,0,0,0,4,0,0,,0,0,8
10503,2,0,2,2,0,4,0,0,,0,0,10
10504,2,0,2,0,0,2,0,0,,0,0,4
10505,2,0,0,0,0,2,0,0,,0,0,8
10506,2,0,2,2,0,2,0,0,,0,0,4
10507,2,0,0,0,0,2,0,0,,0,0,8
10508,2,0,2,2,0,4,0,0,,0,0,6
10509,2,0,0,0,0,2,0,0,,0,0,6
10510,2,0,2,2,0,4,0,0,,0,0,8
10511,2,0,0,0,0,4,0,0,,0,0,10
10512,2,0,2,0,0,2,0,0,,0,0,4
10513,2,0,0,2,0,2,0,0,,0,0,6
10514,2,0,0,2,0,2,0,0,,0,0,8
10515,2,0,2,0,0,4,0,0,,0,2,10
10516,2,0,2,2,0,4,0,0,,0,0,8
10517,2,0,0,2,0,4,0,0,,0,0,8
10518,2,0,0,0,0,4,0,0,,0,0,10
10519,2,0,2,2,0,4,0,0,,0,0,6
10520,2,0,0,2,0,4,0,0,,0,0,8
10521,2,0,0,2,0,4,0,0,,0,0,10
10522,2,0,2,0,0,4,0,0,,0,0,6
10523,2,0,0,2,0,4,0,0,,0,0,8
10524,2,0,2,2,0,4,0,0,,0,0,8
10525,2,0,0,0,0,2,0,0,,0,0,4
10526,2,0,0,0,0,4,0,0,,0,0,10
10527,2,0,2,2,0,2,2,0,,0,0,8
10528,2,0,0,0,0,2,0,0,,0,0,8
10529,2,0,2,2,0,2,0,0,,0,0,4
10530,2,0,0,2,0,2,0,0,,0,0,8
10531,2,0,2,2,0,4,0,0,,0,0,10
10532,2,0,2,0,0,2,0,0,,0,0,6
10533,2,0,2,2,0,2,0,0,,0,0,4
10534,2,0,0,2,0,2,0,0,,0,0,6
10535,2,0,0,0,0,4,0,0,,0,0,8
10536,2,0,0,0,0,4,0,0,,0,0,8
10537,2,0,2,2,0,4,0,0,,0,0,8
10538,2,0,2,2,0,4,0,0,,0,0,8
10539,2,0,0,0,0,4,0,0,,0,0,8
10540,2,0,0,0,0,4,0,0,,0,0,6
10541,2,0,0,2,0,2,0,0,,0,0,6
10542,2,0,2,2,0,2,0,0,,0,0,6
10543,2,0,0,0,0,2,0,0,,0,0,4
10544,2,0,0,0,0,4,0,0,,0,0,6
10545,2,0,0,2,0,2,0,0,,0,0,8
10546,2,0,2,0,0,4,0,0,,0,0,6
10547,2,0,0,0,0,4,0,0,,0,2,12
10548,2,0,2,2,0,4,0,0,,0,0,8
10549,2,0,0,0,0,4,0,0,,0,0,6
10550,2,0,0,2,0,4,0,0,,0,0,10
10551,2,0,2,2,0,4,0,0,,0,0,8
10552,2,0,0,0,0,2,0,0,,0,0,6
10553,2,0,2,2,0,4,0,0,,0,0,10
10554,2,0,2,2,0,4,0,0,,0,0,6
10555,2,0,0,0,0,2,0,0,,0,0,4
10556,2,0,0,2,0,4,0,0,,0,0,10
10557,2,0,2,0,0,2,0,0,,0,0,8
10558,2,2,0,0,0,4,0,0,,0,0,10
10559,2,2,2,2,0,4,0,0,,0,0,6
10560,2,0,0,2,0,2,0,0,,0,0,6
10561,2,0,0,0,0,4,0,0,,0,0,10
10562,2,0,2,0,0,2,0,0,,0,0,4
10563,2,0,0,2,0,2,0,0,,0,0,8
10564,2,0,2,2,0,2,0,0,,0,0,4
10565,2,0,0,0,0,4,0,0,,0,0,10
10566,2,0,2,2,0,4,0,0,,0,0,8
10567,2,0,0,0,0,4,0,0,,0,0,10
10568,2,0,2,2,0,2,0,0,,0,0,4
10569,2,0,0,2,0,2,0,0,,0,0,8
10570,0,0,2,2,0,2,0,0,,0,0,6
10571,2,0,2,0,0,4,0,0,,0,0,8
10572,2,0,2,2,0,4,2,0,,0,0,8
10573,2,0,0,2,0,2,0,0,,0,0,8
10574,2,0,2,0,0,4,0,0,,0,0,6
10575,2,0,0,0,0,4,0,0,,0,0,10
10576,2,0,2,2,0,2,0,0,,0,0,6
10577,2,0,0,0,0,4,0,0,,0,0,8
10578,2,0,0,2,0,4,0,0,,0,0,8
10579,2,0,2,2,0,2,0,0,,0,0,6
10580,2,0,0,2,0,2,0,0,,0,0,8
10581,2,0,2,0,0,2,0,0,,0,0,6
10582,2,0,2,2,0,2,0,0,,0,0,6
10583,2,0,0,2,0,2,0,0,,0,0,6
10584,2,0,2,0,0,4,0,0,,0,0,6
10585,2,0,0,2,0,2,0,0,,0,0,6
10586,2,0,2,0,0,4,0,0,,0,0,8
10587,2,0,0,0,0,4,0,0,,0,0,6
10588,2,0,0,0,0,4,0,0,,0,0,6
10589,2,0,0,2,0,2,0,0,,0,0,8
10590,0,0,2,0,0,4,2,0,,0,0,6
10591,2,0,0,0,0,2,0,0,,0,0,6
10592,2,0,0,2,0,2,0,0,,0,0,6
10593,2,0,2,0,0,2,0,0,,0,0,6
10594,2,0,0,2,0,2,0,0,,0,0,4
10595,0,0,0,0,0,4,0,0,,0,0,8
10596,2,0,2,2,0,4,0,0,,0,0,8
10597,2,0,0,0,0,4,0,0,,0,0,6
10598,2,0,0,2,0,4,0,0,,0,0,8
10599,2,0,2,2,0,2,0,0,,0,0,6
10600,2,0,0,0,0,2,0,0,,0,0,4
10601,2,0,0,0,0,4,0,0,,0,0,10
10602,2,0,2,2,0,4,0,0,,0,0,6
10603,2,0,0,0,0,4,0,0,,0,2,10
10604,2,0,0,2,0,2,0,0,,0,0,8
10605,2,0,2,0,0,2,0,0,,0,0,6
10606,2,0,2,2,0,4,0,0,,0,0,8
10607,2,0,0,2,0,2,0,0,,0,0,6
10608,2,0,2,0,0,2,0,0,,0,0,8
10609,2,0,2,2,0,2,0,0,,0,0,4
10610,2,0,0,0,0,4,0,0,,0,0,10
10611,0,0,2,2,0,4,0,0,,0,0,8
10612,2,0,2,0,0,4,0,0,,0,0,8
10613,2,0,2,2,0,4,0,0,,0,0,8
10614,2,0,0,2,0,2,0,0,,0,0,4
10615,2,0,0,0,0,2,0,0,,0,0,6
10616,2,0,2,2,0,4,0,0,,0,0,8
10617,2,0,2,0,0,2,0,0,,0,0,6
10618,2,0,0,0,0,2,0,0,,0,0,8
10619,2,0,2,0,0,2,0,0,,0,0,4
10620,0,0,0,2,0,2,0,0,,0,0,6
10621,2,0,2,2,0,4,0,0,,0,0,6
10622,2,0,0,0,0,4,0,0,,0,0,8
10623,2,0,0,2,0,4,2,0,,0,0,12
10624,2,0,2,0,0,2,0,0,,0,0,6
10625,2,0,0,2,0,4,0,0,,0,0,8
10626,2,0,2,2,0,2,0,0,,0,0,8
10627,2,0,2,2,0,2,0,0,,0,0,6
10628,2,0,0,0,0,2,0,0,,0,0,6
10629,2,0,2,2,0,2,0,0,,0,0,6
10630,2,0,0,2,0,4,0,0,,0,0,8
10631,2,0,0,0,0,4,0,0,,0,0,8
10632,2,0,2,2,0,4,0,0,,0,0,10
10633,2,0,2,2,0,4,0,0,,0,0,6
10634,2,0,0,0,0,4,0,0,,0,0,10
10635,2,0,2,2,0,4,0,0,,0,2,8
10636,2,0,0,0,0,2,0,0,,0,0,6
10637,2,0,0,2,0,2,0,0,,0,0,6
10638,2,0,2,0,0,2,2,0,,0,0,8
10639,2,0,0,2,0,4,0,0,,0,0,10
10640,2,0,2,0,0,2,0,0,,0,0,4
10641,2,0,0,2,0,4,0,0,,0,0,8
10642,2,0,2,2,0,4,0,0,,0,0,8
10643,2,0,2,0,0,2,0,0,,0,0,6
10644,2,0,0,0,0,4,0,0,,0,0,8
10645,2,0,2,0,0,4,0,0,,0,0,8
10646,2,0,0,2,0,2,0,0,,0,0,8
10647,2,0,2,0,0,4,0,0,,0,0,8
10648,2,0,2,2,0,2,0,0,,0,0,6
10649,2,0,2,2,0,2,0,0,,0,0,4
10650,2,0,0,0,0,4,0,0,,0,0,10
10651,2,0,2,0,0,4,0,0,,0,0,8
10652,2,0,2,0,0,4,0,0,,0,0,10
10653,2,0,2,2,0,2,0,0,,0,0,6
10654,2,0,0,0,0,4,0,0,,0,0,8
10655,2,0,2,2,0,4,0,0,,0,0,8
10656,2,0,0,2,0,2,0,0,,0,0,6
10657,2,2,0,0,0,4,0,0,,0,0,10
10658,2,2,0,2,0,2,0,0,,0,0,6
10659,2,0,2,0,0,4,0,0,,0,0,8
10660,2,0,2,2,0,2,0,0,,0,0,8
10661,2,0,2,0,0,4,0,0,,0,0,8
10662,2,0,2,0,0,4,0,0,,0,0,8
10663,2,0,0,2,0,2,0,0,,0,2,8
10664,2,0,2,0,0,2,0,0,,0,0,6
10665,2,0,0,2,0,4,0,0,,0,0,8
10666,2,0,2,0,0,2,0,0,,0,0,6
10667,2,0,2,2,0,2,0,0,,0,0,6
10668,2,0,0,0,0,4,0,0,,0,0,10
10669,2,0,2,0,0,4,0,0,,0,0,6
10670,2,0,0,2,0,2,0,0,,0,0,4
10671,2,0,0,2,0,4,0,0,,0,0,10
10672,2,0,2,0,0,4,0,0,,0,0,8
10673,2,0,0,0,0,2,0,0,,0,0,6
10674,2,0,2,2,0,2,0,0,,0,0,4
10675,2,0,0,2,0,4,0,0,,0,0,6
10676,2,0,0,0,0,2,0,0,,0,0,8
10677,2,0,2,0,0,4,0,0,,0,0,8
10678,2,0,0,0,0,2,0,0,,0,0,6
10679,2,0,0,2,0,4,0,0,,0,0,10
10680,2,0,2,2,0,4,0,0,,0,0,10
10681,2,0,2,2,0,4,0,0,,0,2,8
10682,0,0,0,2,0,2,0,0,,0,0,2
10683,2,0,0,2,0,4,0,0,,0,0,10
10684,2,0,2,0,0,2,0,0,,0,0,6
10685,2,0,0,0,0,4,0,0,,0,0,6
10686,2,0,0,2,0,2,0,0,,0,0,6
10687,2,0,2,2,0,4,0,0,,0,0,8
10688,2,0,0,0,0,2,0,0,,0,0,8
10689,2,0,2,0,0,4,0,0,,0,0,8
10690,2,0,0,2,0,2,0,0,,0,0,6
10691,2,0,2,2,0,2,0,0,,0,0,6
10692,2,0,2,2,0,2,0,0,,0,0,8
10693,2,0,2,0,0,4,0,0,,0,0,8
10694,2,0,0,0,0,2,0,0,,0,0,6
10695,2,0,2,2,0,4,0,0,,0,0,8
10696,2,0,0,2,0,4,0,0,,0,0,10
10697,2,0,2,0,0,4,0,0,,0,0,6
10698,0,0,0,2,0,4,0,0,,0,0,4
10699,2,0,0,2,0,4,0,0,,0,0,10
10700,2,0,2,0,0,2,0,0,,0,0,6
10701,2,0,0,0,0,4,0,0,,0,0,8
10702,2,0,2,2,0,4,0,0,,0,0,8
10703,0,0,0,2,0,2,0,0,,0,2,4
10704,2,0,0,0,0,4,0,0,,0,0,10
10705,2,0,2,2,0,2,0,0,,0,0,6
10706,2,0,0,0,0,2,0,0,,0,0,6
10707,2,0,0,2,0,4,0,0,,0,0,8
10708,2,0,2,2,0,4,0,0,,0,0,10
10709,2,0,2,2,0,4,0,0,,0,0,8
10710,2,0,0,0,0,4,0,0,,0,0,8
10711,2,0,2,2,0,2,0,0,,0,0,6
10712,2,0,0,2,0,2,0,0,,0,0,6
10713,2,0,2,0,0,2,0,0,,0,0,4
10714,2,0,0,2,0,2,0,0,,0,0,6
10715,2,0,0,0,0,4,0,0,,0,0,8
10716,2,0,2,0,0,4,0,0,,0,0,8
10717,2,0,0,2,0,2,0,0,,0,0,6
10718,2,0,2,0,0,4,0,0,,0,0,8
10719,2,0,0,2,0,4,0,0,,0,0,6
10720,2,0,0,0,0,2,0,0,,0,0,8
10721,2,0,2,2,0,2,0,0,,0,0,6
10722,2,0,2,0,0,4,0,0,,0,0,8
10723,2,0,0,2,0,4,0,0,,0,0,6
10724,2,0,0,0,0,4,0,0,,0,0,6
10725,2,0,0,2,0,2,0,0,,0,0,6
10726,2,0,2,0,0,2,0,0,,0,0,6
10727,2,0,0,0,0,4,0,0,,0,0,8
10728,2,0,2,0,0,2,0,0,,0,0,6
10729,2,0,0,2,0,4,0,0,,0,0,8
10730,2,0,0,0,0,4,0,0,,0,0,8
10731,2,0,2,2,0,4,0,0,,0,0,8
10732,2,0,0,2,0,2,2,0,,0,0,6
10733,2,0,0,0,0,2,0,0,,0,0,8
10734,2,0,2,2,0,4,0,0,,0,0,6
10735,2,0,0,0,0,4,0,0,,0,0,10
10736,2,0,2,2,0,4,0,0,,0,0,8
10737,2,0,2,0,0,2,0,0,,0,0,6
10738,2,0,0,2,0,2,0,0,,0,0,8
10739,2,0,2,0,0,2,0,0,,0,0,4
10740,2,0,0,2,0,4,0,0,,0,0,8
10741,0,0,2,2,0,4,0,0,,0,0,8
10742,0,0,2,0,0,2,0,0,,0,0,2
10743,2,0,0,0,0,4,0,0,,0,0,8
10744,2,0,2,2,0,2,0,0,,0,0,6
10745,2,0,0,0,0,2,0,0,,0,0,6
10746,2,0,2,0,0,4,0,0,,0,0,8
10747,2,0,0,2,0,2,0,0,,0,0,6
10748,2,0,0,0,0,2,0,0,,0,0,8
10749,2,0,2,2,0,4,0,0,,0,0,6
10750,2,0,0,2,0,4,0,0,,0,0,10
10751,2,0,2,2,0,4,0,0,,0,0,6
10752,2,0,0,0,0,4,2,0,,0,0,10
10753,2,0,2,2,0,2,0,0,,0,0,6
10754,2,0,2,0,0,2,0,0,,0,0,6
10755,2,0,0,0,0,2,0,0,,0,0,6
10756,2,0,2,0,0,4,0,0,,0,0,8
10757,2,2,0,2,0,2,0,0,,0,0,8
10758,2,0,2,0,0,2,0,0,,0,0,6
10759,2,0,2,0,0,4,0,0,,0,0,8
10760,2,0,0,2,0,4,0,0,,0,0,8
10761,2,0,2,0,0,2,2,0,,0,0,6
10762,2,0,0,2,0,2,0,0,,0,0,6
10763,0,0,2,0,0,4,0,0,,0,0,6
10764,2,0,2,0,0,4,0,0,,0,0,8
10765,2,0,0,0,0,2,0,0,,0,0,6
10766,2,0,2,0,0,4,0,0,,0,0,10
10767,2,0,2,2,0,4,0,0,,0,0,6
10768,2,0,0,0,0,4,0,0,,0,0,10
10769,2,0,2,2,0,2,0,0,,0,0,8
10770,2,0,2,0,0,4,0,0,,0,0,6
10771,2,0,0,2,0,4,0,0,,0,0,8
10772,2,0,0,2,0,2,0,0,,0,0,6
10773,2,0,0,0,0,2,0,0,,0,0,6
10774,2,0,2,2,0,4,0,0,,0,0,8
10775,2,0,2,2,0,4,0,0,,0,0,6
10776,2,0,0,0,0,2,0,0,,0,0,8
10777,2,0,2,0,0,4,0,0,,0,0,6
10778,2,0,0,0,0,4,0,0,,0,0,10
10779,2,0,2,2,0,2,0,0,,0,0,6
10780,2,0,2,0,0,2,0,0,,0,0,4
10781,2,0,0,2,0,4,0,0,,0,0,10
10782,2,0,2,0,0,4,0,0,,0,0,8
10783,2,0,0,0,0,2,0,0,,0,0,6
10784,2,0,2,2,0,4,0,0,,0,0,10
10785,2,0,2,2,0,2,0,0,,0,0,6
10786,2,0,0,0,0,2,0,0,,0,0,6
10787,2,0,2,2,0,2,0,0,,0,0,4
10788,2,0,0,2,0,2,0,0,,0,0,8
10789,2,0,2,0,0,2,0,0,,0,0,4
10790,2,0,0,0,0,2,0,0,,0,0,6
10791,2,0,0,2,0,2,0,0,,0,0,6
10792,2,0,2,0,0,4,2,0,,0,0,8
10793,2,0,0,2,0,2,0,0,,0,0,6
10794,2,0,0,0,0,4,0,0,,0,0,8
10795,0,0,0,0,0,4,0,0,,0,0,6
10796,2,0,2,2,0,4,0,0,,0,0,10
10797,2,0,2,2,0,4,0,0,,0,0,10
10798,2,0,2,0,0,2,0,0,,0,0,4
10799,2,0,0,2,0,4,0,0,,0,0,8
10800,2,0,2,2,0,4,0,0,,0,0,8
10801,2,0,0,0,0,2,0,0,,0,0,8
10802,2,0,2,0,0,4,0,0,,0,0,10
10803,2,0,2,2,0,4,0,0,,0,0,6
10804,2,0,0,2,0,2,0,0,,0,0,6
10805,2,0,2,2,0,4,0,0,,0,0,8
10806,2,0,0,0,0,2,0,0,,0,0,6
10807,2,0,0,0,0,2,0,0,,0,0,6
10808,2,0,2,2,0,4,0,0,,0,0,8
10809,2,0,2,2,0,4,0,0,,0,0,10
10810,2,0,2,0,0,4,0,0,,0,0,8
10811,2,0,0,0,0,2,0,0,,0,0,8
10812,2,0,2,2,0,4,0,0,,0,0,6
10813,2,0,0,2,0,4,2,0,,0,0,10
10814,2,0,2,2,0,4,0,0,,0,0,10
10815,2,0,2,0,0,4,0,0,,0,0,8
10816,2,0,0,0,0,2,0,0,,0,0,4
10817,2,0,0,2,0,2,0,0,,0,0,8
10818,2,0,2,2,0,2,0,0,,0,0,6
10819,2,0,0,0,0,4,0,0,,0,0,10
10820,2,0,2,2,0,4,0,0,,0,0,8
10821,2,0,0,2,0,4,0,0,,0,0,6
10822,2,0,0,2,0,4,0,0,,0,0,8
10823,2,0,2,2,0,4,0,0,,0,0,8
10824,2,0,0,0,0,4,0,0,,0,0,10
10825,2,0,2,0,0,4,0,0,,0,0,8
10826,2,0,2,2,0,4,0,0,,0,0,6
10827,2,0,0,2,0,2,0,0,,0,0,6
10828,2,0,0,0,0,4,0,0,,0,0,6
10829,2,0,0,0,0,2,0,0,,0,0,8
10830,2,0,2,2,0,4,0,0,,0,0,6
10831,2,0,0,0,0,2,0,0,,0,0,6
10832,2,0,2,2,0,2,0,0,,0,0,8
10833,2,0,2,0,0,4,0,0,,0,0,8
10834,2,0,0,0,0,4,0,0,,0,0,8
10835,2,0,2,2,0,4,0,0,,0,0,6
10836,11,0,0,2,0,2,0,0,,0,0,17
10837,13,0,2,0,0,2,0,0,,0,0,17
10838,64,0,0,0,0,4,0,0,,0,0,68
10839,79,0,0,2,0,2,0,0,,0,0,81
10840,81,0,0,2,0,4,0,0,,0,0,89
10841,77,0,2,0,0,4,0,0,,0,0,81
10842,77,0,0,0,0,4,0,0,,0,0,85
10843,77,0,2,2,0,2,0,0,,0,0,83
10844,77,0,2,0,0,2,0,0,,0,0,79
10845,75,0,0,2,0,2,0,0,,0,0,79
10846,75,0,2,2,0,4,0,0,,0,0,79
10847,75,0,0,0,0,4,0,0,,0,0,81
10848,75,0,0,0,0,2,2,0,,0,0,79
10849,75,0,0,0,0,2,0,0,,0,0,81
10850,75,0,2,2,0,4,0,0,,0,0,81
10851,73,0,0,0,0,2,0,0,,0,0,77
10852,73,0,2,2,0,2,0,0,,0,0,77
10853,70,0,0,2,0,4,0,0,,0,0,74
10854,73,0,0,0,0,2,0,0,,0,0,75
10855,73,0,0,2,0,2,0,0,,0,0,77
10856,73,0,2,0,0,4,0,0,,0,0,79
10857,73,0,0,0,0,4,0,0,,0,0,79
10858,68,0,2,0,0,4,0,0,,0,0,74
10859,68,0,0,2,0,4,0,0,,0,0,72
10860,19,0,0,0,0,2,0,0,,0,0,25
10861,17,0,2,2,0,2,0,0,,0,0,21
10862,2,0,0,0,0,2,0,0,,0,0,6
10863,2,0,2,2,0,2,0,0,,0,0,4
10864,2,0,0,2,0,271,0,0,,0,0,277
10865,2,0,2,0,0,1090,0,0,,0,0,1094
10866,2,0,2,0,0,1090,0,0,,0,0,1094
10867,2,0,0,2,0,1088,0,0,,0,0,1094
10868,2,0,2,0,0,1085,0,0,,0,0,1087
10869,2,0,0,2,0,1085,0,0,,0,0,1089
10870,2,0,0,2,0,1083,0,0,,0,0,1085
10871,2,0,0,0,0,1079,0,0,,0,0,1081
10872,0,0,0,2,0,1079,0,0,,0,0,1081
10873,2,0,2,0,0,1079,0,0,,0,0,1083
10874,2,0,0,0,0,1077,0,0,,0,0,1083
10875,2,0,2,0,0,1075,0,0,,0,0,1077
10876,2,0,0,2,0,1073,0,0,,0,0,1079
10877,2,2,0,2,0,109,0,0,,0,0,115
10878,2,2,2,0,0,1075,0,0,,0,0,1077
10879,2,0,0,2,0,1250,0,0,,0,0,1254
10880,2,0,0,0,0,1194,0,0,,0,0,1196
10881,2,0,0,0,0,778,0,0,,0,0,784
10882,2,0,2,2,0,1117,0,0,,0,0,1119
10883,2,0,0,0,0,827,0,0,,0,0,831
10884,2,0,2,2,0,2,0,0,,0,0,6
10885,2,0,0,0,0,107,0,0,,0,0,113
10886,2,0,2,0,0,4,0,0,,0,0,8
10887,2,0,2,2,0,934,0,0,,0,0,938
10888,2,0,0,2,0,593,0,0,,0,0,597
10889,2,0,2,0,0,4,0,0,,0,0,8
10890,2,0,0,2,0,4,0,0,,0,0,10
10891,2,0,2,0,0,2,0,0,,0,2,8
10892,2,0,2,2,0,2,0,0,,0,0,4
10893,2,0,0,2,0,2,2,0,,0,0,10
10894,2,0,2,0,0,2,0,0,,0,0,6
10895,2,0,0,0,0,4,0,0,,0,0,8
10896,2,0,2,2,0,2,0,0,,0,0,8
10897,2,0,2,2,0,2,0,0,,0,0,6
10898,2,0,0,0,0,4,0,0,,0,0,8
10899,2,0,0,2,0,2,0,0,,0,0,6
10900,2,0,2,2,0,4,0,0,,0,0,8
10901,2,0,0,2,0,4,0,0,,0,0,6
10902,2,0,0,0,0,100,0,0,,0,0,106
10903,2,0,2,2,0,4,2,0,,0,2,12
10904,2,0,0,0,0,4,0,0,,0,0,8
10905,2,0,2,2,0,2,0,0,,0,0,6
10906,2,0,0,2,0,2,0,0,,0,0,8
10907,2,0,2,0,0,2,0,0,,0,0,4
10908,2,0,0,2,0,4,0,0,,0,0,8
10909,2,0,0,2,0,2,0,0,,0,0,6
10910,2,0,2,0,0,2,0,0,,0,0,4
10911,2,0,0,2,0,4,0,0,,0,0,10
10912,2,0,2,0,0,2,0,0,,0,0,4
10913,2,0,0,0,0,4,0,0,,0,0,10
10914,2,0,2,2,0,4,0,0,,0,0,8
10915,2,0,0,0,0,2,2,0,,0,0,10
10916,2,0,2,2,0,4,0,0,,0,0,6
10917,0,0,0,2,0,4,0,0,,0,0,8
10918,2,0,2,2,0,4,0,0,,0,0,6
10919,2,0,0,0,0,4,0,0,,0,0,8
10920,2,0,0,2,0,2,0,0,,0,0,6
10921,2,0,2,0,0,2,0,0,,0,0,6
10922,2,0,0,2,0,132,0,0,,0,0,138
10923,2,0,2,0,0,32,0,0,,0,0,34
10924,2,0,0,2,0,190,0,0,,0,0,194
10925,2,0,0,2,0,1166,0,0,,0,0,1170
10926,2,0,2,0,0,763,0,0,,0,0,765
10927,2,0,0,2,0,763,0,0,,0,0,765
10928,2,0,0,0,0,1162,0,0,,0,0,1166
10929,2,0,0,0,0,1158,0,0,,0,0,1160
10930,2,0,0,0,0,1160,0,0,,0,0,1166
10931,2,0,2,2,0,1113,0,0,,0,0,1119
10932,2,0,2,0,0,584,0,0,,0,0,588
10933,2,0,2,2,0,1128,0,0,,0,0,1132
10934,2,0,0,2,0,2,0,0,,0,0,6
10935,2,0,2,0,0,4,0,0,,0,0,8
10936,2,0,0,2,0,4,0,0,,0,0,10
10937,2,0,2,0,0,264,0,0,,0,0,268
10938,2,0,2,2,0,2,0,0,,0,0,6
10939,2,0,0,2,0,2,0,0,,0,0,6
10940,2,0,0,0,0,4,0,0,,0,0,8
10941,2,0,2,2,0,429,0,0,,0,0,431
10942,2,0,0,2,0,260,0,0,,0,0,262
10943,2,0,0,0,0,2,0,0,,0,0,8
10944,2,0,2,0,0,4,0,0,,0,0,8
10945,2,0,0,0,0,4,0,0,,0,0,10
10946,2,0,2,2,0,4,0,0,,0,0,6
10947,2,0,0,2,0,2,0,0,,0,0,6
10948,2,0,2,2,0,4,0,0,,0,0,8
10949,2,0,2,0,0,2,0,0,,0,0,6
10950,2,0,0,0,0,4,0,0,,0,0,10
10951,2,0,2,0,0,2,0,0,,0,0,8
10952,2,0,2,2,0,4,0,0,,0,0,8
10953,2,0,0,2,0,4,0,0,,0,0,8
10954,2,0,2,2,0,4,0,0,,0,0,8
10955,0,0,2,2,0,4,0,0,,0,0,6
10956,2,0,0,0,0,2,0,0,,0,0,6
10957,2,0,2,0,0,2,0,0,,0,0,4
10958,2,0,0,2,0,4,0,0,,0,0,10
10959,2,0,2,0,0,2,0,0,,0,0,8
10960,2,0,2,0,0,4,0,0,,0,0,6
10961,2,0,0,2,0,4,0,0,,0,0,8
10962,2,0,0,2,0,4,0,0,,0,0,8
10963,2,0,2,0,0,2,0,0,,0,0,8
10964,2,0,2,2,0,2,0,0,,0,0,8
10965,2,2,0,0,0,4,0,0,,0,0,8
10966,2,2,0,2,0,2,0,0,,0,0,6
10967,2,0,2,2,0,2,0,0,,0,0,6
10968,2,0,0,0,0,2,0,0,,0,0,8
10969,2,0,2,0,0,2,0,0,,0,0,6
10970,2,0,0,2,0,4,0,0,,0,0,8
10971,2,0,2,2,0,4,0,0,,0,0,8
10972,2,0,2,2,0,4,0,0,,0,0,8
10973,2,0,0,0,0,4,0,0,,0,0,8
10974,2,0,0,0,0,2,0,0,,0,0,6
10975,2,0,2,2,0,414,0,0,,0,0,418
10976,2,0,2,2,0,2,0,0,,0,0,6
10977,2,0,0,0,0,4,0,0,,0,0,8
10978,2,0,2,0,0,2,0,0,,0,0,4
10979,2,0,0,2,0,4,0,0,,0,0,10
10980,2,0,2,0,0,409,0,0,,0,0,411
10981,2,0,0,0,0,4,0,0,,0,0,8
10982,2,0,0,2,0,4,0,0,,0,0,10
10983,2,0,2,0,0,4,0,0,,0,0,6
10984,2,0,0,2,0,2,0,0,,0,0,8
10985,2,0,2,2,0,4,0,0,,0,0,8
10986,2,0,0,0,0,4,0,0,,0,0,8
10987,2,0,0,2,0,4,0,0,,0,0,10
10988,2,0,2,2,0,4,0,0,,0,0,6
10989,2,0,0,2,0,4,0,0,,0,0,8
10990,2,0,2,2,0,4,0,0,,0,0,8
10991,2,0,0,0,0,4,0,0,,0,0,8
10992,2,0,2,0,0,4,0,0,,0,0,6
10993,2,0,0,2,0,2,0,0,,0,0,8
10994,2,0,2,0,0,4,0,0,,0,2,8
10995,2,0,0,0,0,4,0,0,,0,0,10
10996,2,0,2,2,0,4,0,0,,0,0,8
10997,2,0,0,0,0,4,0,0,,0,0,6
10998,0,0,0,2,0,4,0,0,,0,0,6
10999,2,0,0,2,0,409,0,0,,0,0,413
11000,2,0,2,0,0,2,0,0,,0,0,4
11001,2,0,0,2,0,4,0,0,,0,0,10
11002,2,0,2,0,0,2,0,0,,0,0,4
11003,2,0,0,0,0,4,0,0,,0,0,10
11004,2,0,2,2,0,2,0,0,,0,0,6
11005,2,0,0,0,0,4,0,0,,0,0,8
11006,2,0,0,2,0,2,0,0,,0,0,6
11007,2,0,2,2,0,2,0,0,,0,0,6
11008,0,0,0,2,0,4,0,0,,0,0,8
11009,2,0,2,0,0,4,0,0,,0,0,6
11010,2,0,0,2,0,4,0,0,,0,0,8
11011,2,0,0,2,0,277,0,0,,0,0,281
11012,2,0,2,0,0,4,0,0,,0,0,6
11013,2,0,0,2,0,4,0,0,,0,0,10
11014,2,0,2,0,0,4,0,0,,0,0,8
11015,2,0,0,0,0,4,0,0,,0,0,10
11016,2,0,2,2,0,2,0,0,,0,0,6
11017,2,0,2,2,0,2,0,0,,0,0,6
11018,2,0,0,2,0,4,0,0,,0,0,10
11019,2,0,2,0,0,2,0,0,,0,0,6
11020,2,0,2,2,0,4,0,0,,0,0,10
11021,2,0,2,2,0,2,0,0,,0,0,4
11022,2,0,0,0,0,4,0,0,,0,0,10
11023,2,0,2,2,0,4,0,0,,0,0,8
11024,0,0,2,0,0,4,0,0,,0,0,6
11025,2,0,0,2,0,2,0,0,,0,0,6
11026,2,0,2,0,0,439,0,0,,0,0,441
11027,2,0,0,2,0,2,0,0,,0,0,6
11028,2,0,0,0,0,4,0,0,,0,0,6
11029,2,0,0,0,0,2,0,0,,0,0,8
11030,0,0,2,2,0,4,0,0,,0,0,8
11031,2,0,2,0,0,245,2,0,,0,0,253
11032,2,0,2,2,0,4,0,0,,0,0,6
11033,2,0,0,2,0,4,0,0,,0,0,10
11034,2,0,2,2,0,4,0,0,,0,0,8
11035,2,0,0,0,0,4,0,0,,0,2,10
11036,2,0,2,2,0,2,0,0,,0,0,8
11037,2,0,2,2,0,2,0,0,,0,0,4
11038,2,0,0,0,0,4,0,0,,0,0,10
11039,2,0,2,2,0,4,0,0,,0,0,10
11040,2,2,0,0,0,4,0,0,,0,0,10
11041,2,2,0,2,0,4,0,0,,0,0,8
11042,2,0,2,2,0,4,0,0,,0,0,6
11043,2,0,0,2,0,2,0,0,,0,0,8
11044,2,0,2,0,0,4,0,0,,0,0,6
11045,2,0,0,0,0,2,2,0,,0,0,10
11046,0,0,2,2,0,2,0,0,,0,0,4
11047,2,0,0,0,0,4,0,0,,0,0,8
11048,2,0,2,2,0,4,0,0,,0,0,8
11049,2,0,2,2,0,4,0,0,,0,0,8
11050,2,0,0,0,0,4,0,0,,0,0,8
11051,2,0,0,0,0,2,0,0,,0,0,4
11052,0,0,0,2,0,2,0,0,,0,0,6
11053,2,0,2,2,0,4,0,0,,0,0,8
11054,2,0,0,0,0,4,0,0,,0,0,8
11055,2,0,2,2,0,2,0,0,,0,0,6
11056,2,0,0,2,0,4,0,0,,0,0,8
11057,2,0,2,0,0,2,0,0,,0,0,8
11058,2,0,2,2,0,215,0,0,,0,0,219
11059,2,0,2,0,0,4,0,0,,0,0,10
11060,2,0,2,2,0,4,0,0,,0,0,6
11061,2,0,0,0,0,4,0,0,,0,0,8
11062,2,0,2,2,0,4,0,0,,0,0,10
11063,2,0,2,0,0,4,0,0,,0,0,8
11064,2,0,2,0,0,2,0,0,,0,0,6
11065,2,0,2,2,0,4,0,0,,0,0,10
11066,2,0,2,0,0,2,0,0,,0,0,6
11067,2,0,0,0,0,4,0,0,,0,0,10
11068,2,0,2,2,0,2,0,0,,0,0,6
11069,2,0,2,2,0,4,0,0,,0,0,8
11070,2,0,0,2,0,4,0,0,,0,0,8
11071,2,0,2,0,0,2,0,0,,0,0,6
11072,2,0,0,2,0,493,0,0,,0,0,495
11073,2,0,0,0,0,2,0,0,,0,0,8
11074,2,0,2,2,0,4,0,0,,0,0,6
11075,2,0,0,0,0,2,0,0,,0,0,4
11076,2,0,0,2,0,2,2,0,,0,0,10
11077,2,0,2,0,0,2,0,0,,0,0,6
11078,2,0,0,0,0,4,0,0,,0,0,8
11079,2,0,2,2,0,2,0,0,,0,2,10
11080,2,0,2,2,0,4,0,0,,0,0,8
11081,2,0,0,0,0,2,0,0,,0,0,6
11082,2,0,2,2,0,2,0,0,,0,0,6
11083,2,0,0,2,0,4,0,0,,0,0,8
11084,2,0,2,0,0,2,0,0,,0,0,8
11085,2,0,2,2,0,2,0,0,,0,0,6
11086,2,0,0,0,0,4,0,0,,0,0,10
11087,2,0,2,2,0,2,0,0,,0,0,4
11088,0,0,0,2,0,4,0,0,,0,0,8
11089,2,0,2,2,0,2,0,0,,0,0,4
11090,2,0,0,0,0,2,0,0,,0,0,4
11091,2,0,0,2,0,2,0,0,,0,0,6
11092,2,0,0,0,0,501,0,0,,0,0,507
11093,2,0,2,0,0,4,0,0,,0,0,6
11094,2,0,0,2,0,4,0,0,,0,0,8
11095,0,0,2,2,0,2,0,0,,0,0,6
11096,2,0,2,0,0,2,0,0,,0,0,6
11097,2,0,0,0,0,2,0,0,,0,0,6
11098,2,0,2,2,0,2,0,0,,0,0,8
11099,2,0,2,2,0,4,0,0,,0,0,10
11100,2,0,2,0,0,4,0,0,,0,0,8
11101,2,0,2,2,0,2,0,0,,0,0,4
11102,2,0,0,2,0,4,0,0,,0,0,10
11103,2,0,2,0,0,4,0,0,,0,0,6
11104,2,0,0,0,0,4,0,0,,0,0,10
11105,2,0,2,2,0,2,0,0,,0,0,4
11106,2,0,0,0,0,4,0,0,,0,0,10
11107,2,0,2,2,0,177,0,0,,0,0,181
11108,2,0,0,0,0,4,0,0,,0,0,6
11109,2,0,0,2,0,4,0,0,,0,2,10
11110,2,0,2,2,0,2,0,0,,0,0,6
11111,2,0,0,0,0,2,0,0,,0,0,8
11112,2,0,2,0,0,4,0,0,,0,0,10
11113,2,0,2,2,0,4,0,0,,0,0,10
11114,2,2,0,2,0,2,0,0,,0,0,10
11115,2,2,2,2,0,2,0,0,,0,0,4
11116,2,0,0,2,0,2,0,0,,0,0,8
11117,2,0,2,2,0,4,0,0,,0,0,8
11118,2,0,0,0,0,4,0,0,,0,0,8
11119,2,0,2,2,0,4,0,0,,0,0,8
11120,2,0,0,2,0,4,0,0,,0,0,8
11121,2,0,2,0,0,4,0,0,,0,0,6
11122,2,0,0,2,0,151,0,0,,0,0,157
11123,2,0,2,0,0,4,2,0,,0,0,10
11124,2,0,2,0,0,4,0,0,,0,0,6
11125,2,0,0,2,0,4,0,0,,0,0,10
11126,0,0,2,0,0,4,0,0,,0,0,4
11127,2,0,0,0,0,4,0,0,,0,0,10
11128,2,0,2,2,0,2,0,0,,0,0,6
11129,2,0,0,0,0,4,0,0,,0,0,6
11130,2,0,0,2,0,2,0,0,,0,0,6
11131,2,0,0,2,0,561,0,0,,0,0,567
11132,2,0,2,0,0,2,0,0,,0,0,6
11133,2,0,0,2,0,2,0,0,,0,0,8
11134,2,0,2,2,0,4,0,0,,0,0,6
11135,2,0,0,2,0,2,0,0,,0,0,6
11136,2,0,2,2,0,2,0,0,,0,0,8
11137,2,0,2,0,0,4,0,0,,0,0,8
11138,2,0,0,0,0,4,0,0,,0,0,8
11139,2,0,0,2,0,574,0,0,,0,0,576
11140,2,0,0,2,0,113,0,0,,0,0,117
11141,2,0,2,2,0,2,0,0,,0,0,6
11142,2,0,0,0,0,2,0,0,,0,0,8
11143,2,0,2,0,0,2,0,0,,0,0,6
11144,2,0,0,2,0,4,0,0,,0,0,8
11145,2,0,2,2,0,4,0,0,,0,0,6
11146,2,0,0,2,0,4,0,0,,0,0,8
11147,2,0,0,0,0,2,0,0,,0,0,8
11148,2,0,2,0,0,2,0,0,,0,0,4
11149,2,0,0,2,0,4,0,0,,0,0,8
11150,2,0,2,2,0,2,0,0,,0,0,6
11151,2,0,0,0,0,4,0,0,,0,0,8
11152,2,0,0,0,0,4,0,0,,0,0,10
11153,2,0,2,2,0,4,0,0,,0,0,6
11154,2,0,0,2,0,4,0,0,,0,0,8
11155,2,0,2,2,0,4,0,0,,0,0,10
11156,2,0,2,0,0,4,2,0,,0,0,10
11157,2,0,0,0,0,2,0,0,,0,0,6
11158,2,0,0,2,0,2,0,0,,0,0,4
11159,2,0,0,2,0,4,0,0,,0,0,8
11160,2,0,2,2,0,4,0,0,,0,0,8
11161,0,0,0,0,0,4,0,0,,0,0,6
11162,2,0,0,0,0,4,0,0,,0,0,8
11163,2,0,2,2,0,2,0,0,,0,0,6
11164,2,0,2,2,0,2,0,0,,0,0,6
11165,2,0,0,0,0,2,0,0,,0,0,8
11166,2,0,2,0,0,2,0,0,,0,0,6
11167,2,0,0,2,0,2,0,0,,0,0,6
11168,2,0,2,2,0,655,2,0,,0,0,661
11169,2,0,0,2,0,2,0,0,,0,0,6
11170,2,0,0,0,0,2,0,0,,0,0,6
11171,2,0,2,2,0,4,0,0,,0,0,8
11172,2,0,0,2,0,4,0,0,,0,0,10
11173,2,0,2,0,0,34,0,0,,0,2,38
11174,2,0,0,2,0,2,0,0,,0,0,6
11175,2,0,0,2,0,4,0,0,,0,0,8
11176,2,0,2,0,0,2,0,0,,0,0,4
11177,2,0,0,2,0,2,0,0,,0,0,8
11178,2,0,2,0,0,23,0,0,,0,0,27
11179,2,0,0,0,0,2,0,0,,0,0,4
11180,2,0,0,2,0,4,0,0,,0,0,10
11181,2,0,2,2,0,4,0,0,,0,0,8
11182,2,0,2,0,0,4,0,0,,0,0,8
11183,2,0,0,2,0,4,0,0,,0,0,8
11184,2,0,2,0,0,4,0,0,,0,0,8
11185,2,0,0,2,0,4,0,0,,0,0,10
11186,2,0,2,0,0,4,0,0,,0,0,8
11187,2,0,2,2,0,2,0,0,,0,0,4
11188,2,0,0,2,0,2,0,0,,0,0,8
11189,2,0,2,0,0,2,0,0,,0,0,4
11190,2,0,0,0,0,2,0,0,,0,0,6
11191,2,0,2,2,0,4,0,0,,0,0,8
11192,2,0,0,0,0,2,0,0,,0,2,10
11193,2,0,2,0,0,4,0,0,,0,0,6
11194,2,0,0,2,0,9,0,0,,0,0,13
11195,2,0,0,2,0,2,0,0,,0,0,8
11196,2,0,2,0,0,2,0,0,,0,0,6
11197,2,0,0,2,0,2,0,0,,0,0,8
11198,2,0,2,2,0,4,0,0,,0,0,6
11199,2,0,0,2,0,2,0,0,,0,0,8
11200,2,0,2,2,0,4,0,0,,0,0,8
11201,2,0,2,0,0,4,0,0,,0,0,10
11202,2,0,2,2,0,2,0,0,,0,0,4
11203,2,0,0,0,0,2,0,0,,0,0,8
11204,2,0,2,2,0,4,0,0,,0,0,8
11205,2,0,0,0,0,685,0,0,,0,0,689
11206,2,0,2,2,0,2,0,0,,0,0,8
11207,2,0,2,2,0,2,0,0,,0,0,6
11208,2,0,0,0,0,4,0,0,,0,0,10
11209,2,2,2,2,0,4,0,0,,0,0,10
11210,2,2,0,2,0,2,0,0,,0,0,6
11211,2,0,2,0,0,2,0,0,,0,0,6
11212,2,0,0,2,0,4,0,0,,0,0,10
11213,2,0,2,0,0,4,0,0,,0,0,8
11214,2,0,2,2,0,4,0,0,,0,0,8
11215,2,0,0,2,0,4,0,0,,0,0,10
11216,2,0,2,0,0,678,0,0,,0,0,682
11217,2,0,0,2,0,2,0,0,,0,0,6
11218,2,0,2,2,0,4,0,0,,0,0,6
11219,2,0,0,2,0,2,0,0,,0,0,4
11220,2,0,0,0,0,4,0,0,,0,0,10
11221,2,0,2,0,0,2,0,0,,0,0,4
11222,2,0,0,0,0,4,0,0,,0,0,8
11223,2,0,2,2,0,4,0,0,,0,0,10
11224,2,0,2,0,0,4,0,0,,0,0,8
11225,2,0,0,0,0,2,0,0,,0,0,6
11226,2,0,2,2,0,2,0,0,,0,0,6
11227,2,0,0,2,0,2,0,0,,0,0,6
11228,2,0,2,0,0,4,0,0,,0,0,10
11229,2,0,2,2,0,2,0,0,,0,0,6
11230,2,0,0,0,0,4,0,0,,0,0,8
11231,2,0,2,2,0,4,0,0,,0,0,8
11232,62,0,0,2,0,4,0,0,,0,0,70
11233,62,0,2,0,0,4,0,0,,0,0,68
11234,66,0,2,2,0,4,0,0,,0,0,72
11235,66,0,0,2,0,2,0,0,,0,0,70
11236,68,0,2,0,0,2,0,0,,0,0,72
11237,68,0,0,2,0,4,0,0,,0,0,74
11238,70,0,0,0,0,4,0,0,,0,0,78
11239,70,0,2,2,0,2,0,0,,0,0,72
11240,68,0,0,2,0,4,0,0,,0,0,74
11241,68,0,0,2,0,4,0,0,,0,0,76
11242,68,0,2,0,0,4,0,0,,0,0,74
11243,66,0,0,2,0,2,0,0,,0,0,72
11244,66,0,2,2,0,4,0,0,,0,0,72
11245,51,0,0,2,0,4,0,0,,0,0,55
11246,2,0,0,2,0,2,0,0,,0,0,6
11247,2,0,0,2,0,4,0,0,,0,0,10
11248,2,0,2,0,0,2,0,0,,0,0,4
11249,2,0,0,2,0,4,0,0,,0,0,10
11250,2,0,2,2,0,2,0,0,,0,0,6
11251,2,0,0,0,0,4,0,0,,0,0,8
11252,2,0,0,2,0,4,0,0,,0,0,8
11253,2,0,0,2,0,4,0,0,,0,0,6
11254,2,0,0,2,0,2,0,0,,0,0,8
11255,2,0,2,2,0,2,0,0,,0,0,6
11256,2,0,0,0,0,2,0,0,,0,0,4
11257,2,0,0,2,0,2,0,0,,0,0,6
11258,2,0,2,2,0,4,0,0,,0,0,6
11259,13,0,0,0,0,2,0,0,,0,0,17
11260,2,0,2,0,0,4,0,0,,0,0,8
11261,2,0,0,0,0,2,0,0,,0,0,8
11262,2,0,2,0,0,4,0,0,,0,0,8
11263,2,0,2,2,0,4,0,0,,0,0,8
11264,2,0,0,2,0,2,0,0,,0,0,6
11265,2,0,0,0,0,2,0,0,,0,0,4
11266,2,0,0,2,0,689,0,0,,0,0,693
11267,2,0,0,2,0,4,0,0,,0,0,8
11268,2,0,2,0,0,4,0,0,,0,0,6
11269,2,0,0,2,0,2,0,0,,0,0,8
11270,2,0,2,0,0,2,0,0,,0,0,6
11271,2,0,0,0,0,2,0,0,,0,0,6
11272,2,0,2,2,0,2,0,0,,0,0,6
11273,2,0,2,2,0,4,0,0,,0,0,6
11274,2,0,0,0,0,2,0,0,,0,0,8
11275,2,0,2,0,0,4,0,0,,0,0,10
11276,2,0,2,0,0,17,0,0,,0,0,19
11277,2,0,0,2,0,4,0,0,,0,0,10
11278,2,0,2,2,0,4,0,0,,0,0,10
11279,2,0,2,0,0,4,0,0,,0,0,10
11280,2,0,2,2,0,4,0,0,,0,0,8
11281,2,0,0,2,0,4,0,0,,0,0,6
11282,2,0,0,2,0,2,0,0,,0,0,6
11283,2,0,2,2,0,4,0,0,,0,0,8
11284,2,0,0,0,0,2,0,0,,0,0,6
11285,2,0,0,0,0,2,0,0,,0,0,10
11286,2,2,2,2,0,2,0,0,,0,0,6
11287,2,2,0,2,0,4,0,0,,0,0,10
11288,2,0,2,2,0,4,0,0,,0,0,10
11289,2,0,2,0,0,2,0,0,,0,0,6
11290,2,0,0,2,0,2,0,0,,0,0,8
11291,2,0,2,2,0,4,0,0,,0,0,6
11292,2,0,0,2,0,2,0,0,,0,0,6
11293,2,0,0,2,0,2,0,0,,0,0,8
11294,2,0,2,0,0,2,0,0,,0,0,6
11295,2,0,2,2,0,2,0,0,,0,0,4
11296,2,0,0,2,0,2,0,0,,0,0,8
11297,2,0,2,0,0,4,0,0,,0,0,8
11298,2,0,2,0,0,4,0,0,,0,0,10
11299,2,0,2,2,0,4,0,0,,0,2,12
11300,2,0,2,0,0,4,0,0,,0,0,6
11301,2,0,0,2,0,2,0,0,,0,0,8
11302,2,0,2,2,0,2,0,0,,0,0,6
11303,2,0,0,0,0,4,0,0,,0,0,8
11304,2,0,0,2,0,4,0,0,,0,0,8
11305,2,0,2,2,0,2,0,0,,0,0,6
11306,2,0,0,2,0,4,0,0,,0,0,10
11307,2,0,2,0,0,4,0,0,,0,0,8
11308,2,0,0,2,0,4,0,0,,0,0,10
11309,2,0,2,2,0,4,0,0,,0,0,8
11310,2,0,2,2,0,4,0,0,,0,0,8
11311,2,0,0,2,0,4,0,0,,0,0,8
11312,2,0,0,0,0,2,0,0,,0,0,8
11313,2,0,2,2,0,2,0,0,,0,0,6
11314,2,0,2,2,0,2,0,0,,0,0,6
11315,2,0,2,2,0,4,0,0,,0,0,8
11316,2,0,0,0,0,4,0,0,,0,0,10
11317,2,0,2,0,0,4,0,0,,0,0,6
11318,2,0,0,2,0,2,0,0,,0,0,4
11319,2,0,0,2,0,2,0,0,,0,2,8
11320,2,0,2,0,0,2,0,0,,0,0,6
11321,2,0,0,0,0,4,0,0,,0,0,8
11322,2,0,2,0,0,4,0,0,,0,0,6
11323,2,0,0,2,0,559,0,0,,0,0,563
11324,2,0,0,0,0,134,0,0,,0,0,138
11325,2,0,2,0,0,2,0,0,,0,0,4
11326,2,0,0,2,0,2,0,0,,0,0,6
11327,2,0,2,0,0,2,0,0,,0,0,8
11328,2,0,2,0,0,2,0,0,,0,0,6
11329,2,0,0,0,0,4,0,0,,0,0,6
11330,2,0,0,2,0,2,0,0,,0,0,6
11331,2,0,2,2,0,2,0,0,,0,0,6
11332,2,0,0,0,0,4,0,0,,0,0,8
11333,2,0,2,0,0,2,0,0,,0,0,6
11334,2,0,0,2,0,160,0,0,,0,0,164
11335,2,0,0,0,0,4,0,0,,0,0,8
11336,2,0,2,2,0,4,0,0,,0,0,6
11337,2,0,0,2,0,2,0,0,,0,0,8
11338,2,0,2,0,0,4,0,0,,0,0,8
11339,2,0,0,0,0,4,0,0,,0,0,8
11340,2,0,0,2,0,4,0,0,,0,0,8
11341,2,0,0,2,0,2,0,0,,0,0,6
11342,2,0,2,2,0,2,0,0,,0,0,6
11343,2,0,0,2,0,194,0,0,,0,0,200
11344,2,0,2,0,0,2,0,0,,0,0,6
11345,2,0,0,2,0,4,0,0,,0,0,8
11346,2,0,2,2,0,4,0,0,,0,0,10
11347,2,0,2,2,0,2,0,0,,0,0,6
11348,2,0,0,0,0,4,0,0,,0,0,10
11349,2,0,2,2,0,2,0,0,,0,0,6
11350,2,0,0,2,0,2,0,0,,0,0,4
11351,2,0,0,2,0,2,0,0,,0,0,8
11352,2,0,2,2,0,2,0,0,,0,0,4
11353,2,0,0,0,0,2,0,0,,0,0,8
11354,2,0,2,2,0,4,0,0,,0,0,8
11355,2,0,0,0,0,4,0,0,,0,0,6
11356,2,0,0,2,0,2,0,0,,0,0,6
11357,2,0,2,2,0,4,0,0,,0,0,6
11358,2,0,0,0,0,4,0,0,,0,0,10
11359,2,0,2,0,0,4,0,0,,0,0,6
11360,2,0,0,0,0,4,0,0,,0,0,8
11361,2,0,0,2,0,4,0,0,,0,0,10
11362,2,0,2,0,0,4,0,0,,0,0,6
11363,2,0,0,2,0,4,0,0,,0,0,10
11364,2,0,2,2,0,2,0,0,,0,0,4
11365,2,0,0,0,0,446,0,0,,0,0,450
11366,2,0,2,2,0,2,0,0,,0,0,8
11367,2,0,2,0,0,4,0,0,,0,0,6
11368,2,0,0,0,0,2,0,0,,0,2,8
11369,2,0,2,2,0,4,0,0,,0,0,8
11370,2,0,0,0,0,4,0,0,,0,0,8
11371,2,0,2,0,0,2,0,0,,0,0,8
11372,2,0,2,2,0,4,0,0,,0,0,8
11373,2,0,2,0,0,2,2,0,,0,0,6
11374,2,0,0,2,0,2,0,0,,0,0,8
11375,2,0,2,0,0,2,0,0,,0,0,4
11376,2,0,0,0,0,433,0,0,,0,0,435
11377,2,0,0,2,0,4,0,0,,0,0,10
11378,2,0,2,0,0,2,0,0,,0,0,8
11379,2,0,2,0,0,2,0,0,,0,0,4
11380,2,0,0,2,0,4,0,0,,0,0,8
11381,2,0,2,2,0,2,0,0,,0,0,6
11382,2,0,2,0,0,429,0,0,,0,0,433
11383,2,0,0,0,0,4,0,0,,0,0,6
11384,2,0,0,0,0,4,0,0,,0,0,10
11385,2,0,2,2,0,4,0,0,,0,0,8
11386,2,0,0,0,0,4,0,0,,0,0,8
11387,2,0,2,2,0,271,0,0,,0,0,273
11388,2,0,0,2,0,4,0,0,,0,0,8
11389,2,0,0,0,0,2,0,0,,0,0,8
11390,2,0,2,0,0,4,0,0,,0,0,8
11391,2,0,2,2,0,4,0,0,,0,0,8
11392,2,0,0,2,0,4,0,0,,0,0,10
11393,2,0,2,0,0,2,0,0,,0,0,6
11394,2,0,2,2,0,2,0,0,,0,0,6
11395,2,0,0,2,0,2,0,0,,0,0,4
11396,2,0,0,0,0,2,0,0,,0,0,4
11397,2,0,0,2,0,4,0,0,,0,0,10
11398,2,0,2,0,0,4,0,0,,0,0,10
11399,2,0,2,0,0,4,0,0,,0,0,8
11400,2,0,0,2,0,288,0,0,,0,0,292
11401,2,0,2,2,0,4,0,0,,0,0,6
11402,2,0,0,2,0,4,0,0,,0,0,10
11403,2,0,2,0,0,2,0,0,,0,0,4
11404,2,0,0,0,0,2,0,0,,0,0,6
11405,2,0,0,2,0,4,0,0,,0,0,8
11406,2,0,2,0,0,4,0,0,,0,0,8
11407,2,0,0,2,0,4,0,0,,0,0,10
11408,2,2,2,0,0,4,0,0,,0,0,8
11409,2,2,0,2,0,4,0,0,,0,0,8
11410,2,0,2,0,0,4,0,0,,0,0,8
11411,2,0,0,0,0,2,0,0,,0,0,6
11412,2,0,2,0,0,4,0,0,,0,0,6
11413,2,0,0,2,0,2,0,0,,0,0,4
11414,2,0,0,0,0,2,0,0,,0,0,8
11415,2,0,2,0,0,4,0,0,,0,0,6
11416,2,0,0,0,0,4,0,0,,0,0,10
11417,2,0,2,2,0,373,0,0,,0,0,379
11418,2,0,2,0,0,4,0,0,,0,0,6
11419,2,0,0,2,0,2,0,0,,0,0,6
11420,2,0,2,2,0,4,0,0,,0,0,8
11421,2,0,0,0,0,4,0,0,,0,0,8
11422,2,0,0,0,0,2,0,0,,0,0,6
11423,2,0,0,2,0,4,2,0,,0,0,12
11424,2,0,2,2,0,2,0,0,,0,0,4
11425,2,0,0,2,0,2,0,0,,0,0,6
11426,2,0,2,2,0,2,0,0,,0,0,6
11427,2,0,0,0,0,2,0,0,,0,0,8
11428,2,0,2,0,0,4,0,0,,0,0,10
11429,2,0,2,2,0,4,0,0,,0,0,8
11430,2,0,0,2,0,2,0,0,,0,0,6
11431,2,0,2,2,0,4,0,0,,0,0,8
11432,2,0,0,2,0,350,0,0,,0,0,356
11433,2,0,2,0,0,4,0,0,,0,2,10
11434,2,0,2,2,0,2,0,0,,0,0,6
11435,2,0,0,2,0,4,0,0,,0,0,8
11436,2,0,2,0,0,2,0,0,,0,0,4
11437,2,0,0,2,0,2,0,0,,0,0,8
11438,2,0,2,0,0,2,0,0,,0,0,6
11439,2,0,2,0,0,2,0,0,,0,0,6
11440,2,0,0,2,0,2,0,0,,0,0,6
11441,2,0,2,0,0,4,0,0,,0,0,8
11442,2,0,0,2,0,377,0,0,,0,0,381
11443,0,0,2,0,0,4,0,0,,0,0,8
11444,2,0,2,2,0,2,0,0,,0,0,4
11445,2,0,0,0,0,4,0,0,,0,0,8
11446,2,0,0,2,0,4,0,0,,0,0,10
11447,2,0,2,0,0,4,0,0,,0,0,8
11448,2,0,2,2,0,4,2,0,,0,0,10
11449,2,0,2,2,0,4,0,0,,0,0,6
11450,2,0,0,0,0,4,0,0,,0,0,8
11451,2,0,0,0,0,4,0,0,,0,0,10
11452,13,0,2,0,0,4,0,0,,0,0,19
11453,15,0,2,2,0,4,0,0,,0,0,21
11454,17,0,2,2,0,2,0,0,,0,0,21
11455,2,0,0,0,0,4,0,0,,0,0,10
11456,2,0,2,0,0,2,0,0,,0,0,6
11457,11,0,0,2,0,4,0,0,,0,0,17
11458,2,0,2,2,0,4,0,0,,0,0,10
11459,2,0,2,2,0,401,0,0,,0,0,405
11460,2,0,0,0,0,4,0,0,,0,0,10
11461,2,0,2,2,0,405,0,0,,0,0,409
11462,0,0,2,2,0,4,0,0,,0,0,6
11463,2,0,0,2,0,4,0,0,,0,0,10
11464,2,0,2,0,0,2,0,0,,0,0,6
11465,2,0,2,2,0,4,0,0,,0,0,8
11466,2,0,0,2,0,4,0,0,,0,0,8
11467,2,0,2,0,0,2,0,0,,0,0,6
11468,2,0,0,2,0,2,0,0,,0,0,6
11469,2,0,2,0,0,2,0,0,,0,0,6
11470,2,0,0,2,0,4,0,0,,0,0,8
11471,2,0,2,0,0,2,0,0,,0,0,6
11472,2,0,0,2,0,2,0,0,,0,0,4
11473,2,0,0,0,0,4,0,0,,0,0,10
11474,13,0,2,2,0,4,0,0,,0,0,21
11475,15,0,2,0,0,2,0,0,,0,0,17
11476,21,0,0,2,0,4,0,0,,0,0,29
11477,13,0,2,2,0,4,0,0,,0,2,21
11478,2,0,0,0,0,4,0,0,,0,0,10
11479,2,0,2,2,0,4,0,0,,0,0,6
11480,2,0,0,2,0,252,0,0,,0,0,256
11481,2,0,0,2,0,2,0,0,,0,0,8
11482,2,0,2,0,0,4,0,0,,0,0,6
11483,2,0,0,2,0,2,0,0,,0,0,6
11484,2,0,0,2,0,4,0,0,,0,0,8
11485,2,0,2,0,0,4,0,0,,0,0,8
11486,2,0,0,2,0,4,0,0,,0,0,6
11487,2,0,0,0,0,2,0,0,,0,0,8
11488,2,0,2,2,0,4,0,0,,0,0,8
11489,2,0,0,0,0,2,0,0,,0,0,6
11490,2,0,2,2,0,4,0,0,,0,0,8
11491,2,0,0,2,0,2,0,0,,0,0,6
11492,2,0,0,0,0,2,0,0,,0,0,8
11493,2,0,2,2,0,4,0,0,,0,0,6
11494,2,0,0,2,0,4,0,0,,0,0,8
11495,2,0,2,2,0,2,0,0,,0,0,6
11496,2,0,0,0,0,4,0,0,,0,0,8
11497,2,0,0,0,0,471,0,0,,0,0,479
11498,2,2,2,2,0,4,0,0,,0,0,10
11499,2,2,2,2,0,4,0,0,,0,0,8
11500,2,0,0,2,0,4,0,0,,0,0,8
11501,2,0,2,0,0,4,0,0,,0,0,6
11502,2,0,0,2,0,4,0,0,,0,0,10
11503,2,0,2,0,0,482,0,0,,0,0,484
11504,2,0,0,0,0,4,0,0,,0,0,10
11505,2,0,2,2,0,4,0,0,,0,0,8
11506,2,0,0,0,0,4,0,0,,0,0,6
11507,2,0,0,2,0,4,0,0,,0,0,10
11508,2,0,2,2,0,4,0,0,,0,2,8
11509,2,0,0,0,0,2,0,0,,0,0,8
11510,2,0,2,2,0,2,0,0,,0,0,6
11511,2,0,0,0,0,2,0,0,,0,0,4
11512,2,0,0,2,0,2,0,0,,0,0,8
11513,2,0,2,2,0,2,0,0,,0,0,4
11514,2,0,0,0,0,2,0,0,,0,0,8
11515,2,0,2,2,0,2,0,0,,0,0,6
11516,2,0,2,0,0,2,0,0,,0,0,6
11517,2,0,0,2,0,2,0,0,,0,2,10
11518,2,0,2,0,0,486,0,0,,0,0,490
11519,2,0,2,2,0,2,0,0,,0,0,6
11520,2,0,0,2,0,2,0,0,,0,0,6
11521,2,0,2,0,0,2,0,0,,0,0,6
11522,2,0,2,2,0,4,0,0,,0,0,8
11523,2,0,0,0,0,4,0,0,,0,0,6
11524,2,0,0,0,0,4,0,0,,0,0,8
11525,2,0,0,2,0,2,0,0,,0,0,6
11526,2,0,0,0,0,2,0,0,,0,0,6
11527,2,0,2,2,0,4,0,0,,0,0,10
11528,2,0,2,2,0,4,0,0,,0,2,8
11529,2,0,0,0,0,2,0,0,,0,0,8
11530,2,0,2,2,0,2,0,0,,0,0,4
11531,2,0,0,0,0,4,0,0,,0,0,8
11532,2,0,0,2,0,4,0,0,,0,0,8
11533,2,0,2,0,0,2,0,0,,0,0,6
11534,2,0,0,2,0,4,0,0,,0,0,10
11535,2,0,2,0,0,4,0,0,,0,0,8
11536,2,0,2,2,0,2,0,0,,0,0,6
11537,2,0,0,2,0,4,0,0,,0,0,8
11538,2,0,0,0,0,4,0,0,,0,0,8
11539,2,0,2,2,0,4,2,0,,0,0,10
11540,2,0,0,2,0,2,0,0,,0,0,6
11541,2,0,2,0,0,4,0,0,,0,0,6
11542,2,0,0,2,0,4,0,0,,0,0,10
11543,2,0,2,0,0,2,0,0,,0,0,8
11544,2,0,2,0,0,4,0,0,,0,0,8
11545,2,0,0,2,0,4,0,0,,0,0,6
11546,2,0,0,2,0,4,0,0,,0,0,10
11547,2,0,2,2,0,4,0,0,,0,0,10
11548,2,0,2,0,0,4,0,0,,0,0,8
11549,2,0,2,2,0,4,0,0,,0,0,8
11550,2,0,0,2,0,4,0,0,,0,0,10
11551,2,0,2,0,0,2,0,0,,0,0,6
11552,2,0,0,2,0,4,0,0,,0,0,8
11553,2,0,2,2,0,4,0,0,,0,0,8
11554,2,0,2,2,0,2,0,0,,0,0,6
11555,2,0,0,0,0,4,0,0,,0,0,10
11556,2,0,2,0,0,245,0,0,,0,0,247
11557,2,0,0,2,0,2,0,0,,0,0,6
11558,2,0,0,2,0,4,0,0,,0,0,10
11559,2,0,2,0,0,4,0,0,,0,0,10
11560,2,0,2,2,0,2,2,0,,0,0,6
11561,2,0,0,2,0,4,0,0,,0,0,10
11562,2,0,2,2,0,446,0,0,,0,0,450
11563,2,0,0,0,0,4,0,0,,0,0,8
11564,2,0,2,2,0,4,0,0,,0,0,10
11565,2,0,2,2,0,4,0,0,,0,0,8
11566,2,0,0,0,0,2,0,0,,0,0,6
11567,2,0,2,2,0,4,0,0,,0,0,8
11568,2,0,0,2,0,4,0,0,,0,0,6
11569,2,0,0,0,0,2,0,0,,0,0,8
11570,2,0,2,2,0,4,0,0,,0,0,8
11571,2,0,2,0,0,4,0,0,,0,0,8
11572,2,0,0,2,0,2,0,0,,0,0,8
11573,77,0,2,0,0,4,0,0,,0,0,83
11574,90,0,0,2,0,4,0,0,,0,0,96
11575,81,0,2,2,0,4,0,0,,0,0,87
11576,79,0,2,2,0,4,0,0,,0,0,87
11577,79,0,2,0,0,2,0,0,,0,0,81
11578,77,0,0,0,0,2,0,0,,0,0,81
11579,77,0,2,2,0,4,0,0,,0,0,83
11580,77,0,2,0,0,4,0,0,,0,0,81
11581,75,0,0,0,0,4,0,0,,0,0,81
11582,73,0,2,0,0,4,0,0,,0,0,81
11583,73,0,2,0,0,4,0,0,,0,0,79
11584,73,0,0,0,0,4,0,0,,0,0,81
11585,73,0,2,2,0,2,0,0,,0,0,77
11586,73,0,0,2,0,4,0,0,,0,0,81
11587,73,0,2,2,0,4,0,0,,0,0,81
11588,70,0,2,2,0,2,0,0,,0,0,72
11589,68,0,0,2,0,2,0,0,,0,0,74
11590,68,0,2,2,0,4,0,0,,0,0,74
11591,66,0,0,0,0,4,0,0,,0,0,74
11592,68,0,2,2,0,2,0,0,,0,0,74
11593,70,0,2,2,0,2,0,0,,0,0,74
11594,75,2,0,2,0,4,0,0,,0,0,83
11595,43,2,2,2,0,4,0,0,,0,0,49
11596,23,0,0,0,0,2,0,0,,0,0,27
11597,2,0,0,0,0,4,0,0,,0,0,10
11598,2,0,2,2,0,2,0,0,,0,0,6
11599,2,0,2,2,0,2,0,0,,0,0,4
11600,2,0,0,2,0,4,0,0,,0,0,10
11601,13,0,2,0,0,2,0,0,,0,0,15
11602,2,0,0,0,0,2,0,0,,0,0,8
11603,2,0,2,2,0,2,0,0,,0,0,4
11604,2,0,0,0,0,4,0,0,,0,0,6
11605,2,0,0,2,0,4,0,0,,0,0,10
11606,2,0,2,0,0,2,0,0,,0,0,4
11607,2,0,0,0,0,4,0,0,,0,0,10
11608,2,0,2,2,0,4,0,0,,0,0,8
11609,2,0,0,0,0,2,0,0,,0,0,6
11610,2,0,0,2,0,422,0,0,,0,0,424
11611,2,0,0,2,0,2,0,0,,0,0,6
11612,2,0,2,2,0,2,0,0,,0,0,6
11613,2,0,0,0,0,4,0,0,,0,0,10
11614,2,0,2,0,0,4,0,0,,0,0,8
11615,2,0,0,2,0,2,0,0,,0,0,8
11616,2,0,2,2,0,4,0,0,,0,0,8
11617,2,0,2,2,0,2,0,0,,0,0,6
11618,2,0,0,2,0,4,0,0,,0,0,10
11619,2,0,2,0,0,4,2,0,,0,0,8
11620,13,0,0,2,0,4,0,0,,0,0,19
11621,2,0,0,2,0,4,0,0,,0,0,8
11622,2,0,2,0,0,2,0,0,,0,0,4
11623,2,0,0,2,0,4,0,0,,0,0,8
11624,2,0,0,0,0,2,0,0,,0,0,6
11625,2,0,2,0,0,4,0,0,,0,0,6
11626,2,0,0,2,0,2,0,0,,0,0,6
11627,2,0,0,0,0,2,0,0,,0,0,6
11628,2,0,2,0,0,4,0,0,,0,0,8
11629,2,0,0,2,0,264,0,0,,0,0,270
11630,2,0,2,0,0,4,0,0,,0,0,6
11631,2,0,0,2,0,2,0,0,,0,0,8
11632,2,0,2,2,0,4,0,0,,0,0,10
11633,2,0,2,0,0,2,0,0,,0,2,8
11634,2,0,0,2,0,4,0,0,,0,0,10
11635,2,0,2,2,0,4,0,0,,0,0,6
11636,2,0,0,2,0,2,0,0,,0,0,6
11637,2,0,2,2,0,4,0,0,,0,0,10
11638,2,0,2,0,0,4,0,0,,0,0,8
11639,2,0,0,0,0,4,0,0,,0,0,10
11640,2,0,2,2,0,4,0,0,,0,0,8
11641,2,0,2,2,0,4,0,0,,0,0,6
11642,2,0,0,2,0,4,0,0,,0,0,8
11643,2,0,0,0,0,2,0,0,,0,0,8
11644,2,0,2,0,0,4,0,0,,0,0,6
11645,2,0,0,2,0,2,0,0,,0,0,6
11646,2,0,0,2,0,2,0,0,,0,0,4
11647,2,0,0,0,0,4,0,0,,0,0,8
11648,2,0,0,2,0,2,0,0,,0,0,8
11649,2,0,2,0,0,4,0,0,,0,0,6
11650,2,0,0,2,0,412,0,0,,0,0,418
11651,2,0,2,2,0,4,0,0,,0,0,10
11652,2,0,2,0,0,4,0,0,,0,0,10
11653,2,0,2,2,0,4,0,0,,0,0,8
11654,2,0,0,2,0,2,0,0,,0,0,6
11655,2,0,2,2,0,4,0,0,,0,0,6
11656,2,0,0,2,0,2,0,0,,0,0,8
11657,2,0,2,0,0,2,0,0,,0,0,6
11658,2,0,2,0,0,4,0,0,,0,0,6
11659,2,0,0,2,0,4,0,0,,0,0,10
11660,2,0,2,0,0,4,0,0,,0,0,6
11661,2,0,0,0,0,4,0,0,,0,2,10
11662,2,0,0,2,0,4,0,0,,0,0,10
11663,2,0,2,0,0,4,0,0,,0,0,6
11664,2,0,0,2,0,284,0,0,,0,0,288
11665,2,0,0,2,0,4,0,0,,0,0,10
11666,2,0,2,0,0,2,0,0,,0,0,6
11667,2,0,2,2,0,2,0,0,,0,0,6
11668,2,0,0,2,0,4,0,0,,0,0,6
11669,2,0,0,0,0,4,0,0,,0,0,8
11670,2,0,2,2,0,2,0,0,,0,0,6
11671,2,0,0,0,0,4,0,0,,0,0,6
11672,2,0,0,0,0,2,0,0,,0,0,6
11673,2,0,0,2,0,2,0,0,,0,0,6
11674,2,0,2,0,0,279,0,0,,0,0,281
11675,2,0,0,2,0,4,0,0,,0,0,10
11676,2,0,2,0,0,4,0,0,,0,0,8
11677,2,0,0,0,0,4,0,0,,0,0,8
11678,2,0,2,2,0,2,0,0,,0,0,6
11679,2,0,0,2,0,4,0,0,,0,0,6
11680,2,0,0,0,0,4,0,0,,0,0,10
11681,2,0,2,2,0,2,0,0,,0,0,6
11682,2,0,0,0,0,4,0,0,,0,0,8
11683,2,0,2,2,0,2,0,0,,0,0,8
11684,2,2,0,2,0,4,2,0,,0,0,10
11685,2,0,2,0,0,2,0,0,,0,0,8
11686,2,0,2,2,0,4,0,0,,0,0,8
11687,2,0,0,0,0,4,0,0,,0,0,8
11688,2,0,2,2,0,2,0,0,,0,0,4
11689,2,0,0,2,0,4,0,0,,0,0,10
11690,2,0,2,0,0,2,0,0,,0,0,6
11691,2,0,2,0,0,4,0,0,,0,2,10
11692,2,0,0,2,0,286,0,0,,0,0,290
11693,2,0,2,0,0,2,0,0,,0,0,4
11694,2,0,0,2,0,2,0,0,,0,0,8
11695,2,0,2,0,0,2,0,0,,0,0,4
11696,2,0,0,0,0,4,0,0,,0,0,8
11697,2,0,0,2,0,4,0,0,,0,0,8
11698,2,0,0,0,0,414,0,0,,0,0,420
11699,2,0,2,2,0,2,0,0,,0,0,6
11700,2,0,2,2,0,4,0,0,,0,0,6
11701,2,0,0,2,0,4,0,0,,0,0,10
11702,2,0,2,0,0,2,0,0,,0,0,6
11703,2,0,0,0,0,4,0,0,,0,0,6
11704,2,0,0,2,0,4,0,0,,0,0,8
11705,2,0,2,2,0,2,0,0,,0,0,6
11706,2,0,0,0,0,286,0,0,,0,0,292
11707,2,0,2,0,0,4,0,0,,0,0,6
11708,2,0,0,2,0,2,0,0,,0,0,6
11709,2,0,2,2,0,2,0,0,,0,0,4
11710,2,0,0,0,0,2,0,0,,0,0,6
11711,2,0,0,0,0,4,0,0,,0,0,10
11712,2,0,2,0,0,2,0,0,,0,0,4
11713,2,0,0,2,0,286,0,0,,0,0,290
11714,2,0,2,2,0,2,0,0,,0,0,8
11715,2,0,2,0,0,2,0,0,,0,0,6
11716,2,0,0,0,0,4,0,0,,0,0,10
11717,2,0,2,2,0,4,0,0,,0,0,8
11718,2,0,0,2,0,4,0,0,,0,0,8
11719,2,0,0,2,0,2,0,0,,0,0,8
11720,2,0,2,2,0,2,0,0,,0,0,8
11721,2,0,2,2,0,4,0,0,,0,0,8
11722,2,0,0,2,0,2,0,0,,0,0,6
11723,2,0,2,2,0,2,0,0,,0,0,6
11724,2,0,0,2,0,4,0,0,,0,0,10
11725,2,0,2,0,0,2,0,0,,0,0,6
11726,2,0,0,2,0,275,0,0,,0,0,277
11727,2,0,0,2,0,2,0,0,,0,0,6
11728,2,0,2,2,0,4,0,0,,0,0,8
11729,2,0,0,0,0,4,0,0,,0,0,10
11730,2,0,2,0,0,2,0,0,,0,0,4
11731,2,0,0,2,0,4,0,0,,0,0,6
11732,2,0,0,2,0,4,0,0,,0,0,8
11733,2,0,2,0,0,4,0,0,,0,0,8
11734,2,0,0,0,0,2,0,0,,0,0,8
11735,2,0,2,0,0,4,0,0,,0,0,6
11736,2,0,0,2,0,4,0,0,,0,0,8
11737,2,0,2,2,0,4,0,0,,0,0,6
11738,2,0,0,0,0,4,0,0,,0,0,10
11739,2,0,2,0,0,4,0,0,,0,0,6
11740,2,0,0,0,0,2,0,0,,0,0,6
11741,2,0,2,2,0,2,0,0,,0,0,4
11742,2,0,0,0,0,258,0,0,,0,0,262
11743,2,0,0,0,0,4,0,0,,0,0,10
11744,2,0,2,0,0,2,0,0,,0,0,4
11745,2,0,0,2,0,4,0,0,,0,0,8
11746,2,0,2,2,0,4,0,0,,0,0,8
11747,2,0,0,0,0,4,0,0,,0,0,6
11748,2,0,0,0,0,2,0,0,,0,0,4
11749,2,0,0,2,0,2,0,0,,0,0,6
11750,2,0,2,0,0,4,0,0,,0,0,6
11751,2,0,0,0,0,2,0,0,,0,0,8
11752,2,0,2,0,0,2,0,0,,0,0,6
11753,2,0,0,0,0,4,0,0,,0,0,8
11754,2,0,2,2,0,4,0,0,,0,0,10
11755,2,0,2,2,0,4,0,0,,0,2,10
11756,2,0,0,0,0,2,0,0,,0,0,6
11757,2,0,2,2,0,4,0,0,,0,0,8
11758,2,0,0,2,0,2,0,0,,0,0,8
11759,2,0,2,0,0,2,0,0,,0,0,6
11760,2,0,2,2,0,4,0,0,,0,0,10
11761,2,0,2,2,0,2,0,0,,0,0,6
11762,2,0,0,0,0,2,0,0,,0,0,8
11763,2,0,2,2,0,2,0,0,,0,0,4
11764,2,0,0,2,0,452,0,0,,0,0,456
11765,2,0,2,2,0,2,0,0,,0,0,8
11766,2,0,2,0,0,2,0,0,,0,0,6
11767,2,0,0,0,0,4,0,0,,0,0,10
11768,2,0,2,2,0,4,0,0,,0,0,6
11769,2,0,0,2,0,2,0,0,,0,0,6
11770,2,0,0,2,0,4,0,0,,0,0,8
11771,2,0,2,0,0,4,0,0,,0,0,8
11772,2,0,0,2,0,2,0,0,,0,0,8
11773,2,0,2,0,0,4,0,0,,0,0,6
11774,2,0,0,2,0,4,0,0,,0,0,8
11775,2,0,2,2,0,450,0,0,,0,0,456
11776,2,0,2,0,0,4,0,0,,0,0,8
11777,2,0,0,0,0,2,0,0,,0,0,4
11778,2,0,0,2,0,4,2,0,,0,0,12
11779,2,0,2,2,0,4,0,0,,0,0,6
11780,2,0,0,0,0,2,0,0,,0,0,8
11781,2,0,2,2,0,2,0,0,,0,0,10
11782,2,2,2,0,0,2,0,0,,0,0,6
11783,2,2,0,2,0,4,0,0,,0,0,8
11784,2,0,2,2,0,4,0,0,,0,0,8
11785,2,0,0,0,0,2,0,0,,0,0,6
11786,2,0,0,0,0,4,0,0,,0,0,8
11787,2,0,2,2,0,4,0,0,,0,0,10
11788,2,0,2,2,0,4,0,0,,0,0,10
11789,2,0,2,0,0,260,0,0,,0,0,262
11790,2,0,0,2,0,2,0,0,,0,0,6
11791,2,0,2,2,0,4,0,0,,0,0,6
11792,2,0,0,0,0,4,0,0,,0,0,6
11793,2,0,0,0,0,2,0,0,,0,0,8
11794,2,0,2,0,0,4,0,0,,0,0,8
11795,2,0,0,0,0,4,0,0,,0,0,8
11796,2,0,2,2,0,2,0,0,,0,0,4
11797,2,0,0,2,0,4,0,0,,0,0,8
11798,2,0,0,0,0,264,0,0,,0,0,268
11799,2,0,2,0,0,2,0,0,,0,0,6
11800,2,0,0,2,0,2,0,0,,0,0,6
11801,2,0,2,0,0,4,0,0,,0,0,8
11802,2,0,0,2,0,4,0,0,,0,0,10
11803,2,0,2,0,0,2,0,0,,0,0,8
11804,2,0,2,2,0,2,0,0,,0,0,4
11805,2,0,0,2,0,4,0,0,,0,0,10
11806,2,0,2,2,0,2,0,0,,0,0,6
11807,2,0,0,0,0,2,0,0,,0,0,6
11808,2,0,2,2,0,2,0,0,,0,0,8
11809,2,0,2,2,0,256,0,0,,0,0,260
11810,2,0,0,0,0,4,0,0,,0,0,8
11811,2,0,2,2,0,4,0,0,,0,0,6
11812,2,0,0,2,0,4,0,0,,0,0,10
11813,2,0,2,0,0,2,0,0,,0,0,4
11814,2,0,0,0,0,4,0,0,,0,0,6
11815,2,0,0,2,0,4,0,0,,0,0,6
11816,2,0,0,0,0,4,0,0,,0,0,10
11817,2,0,2,0,0,2,0,0,,0,0,6
11818,2,0,0,0,0,4,0,0,,0,0,8
11819,2,0,2,2,0,2,2,0,,0,0,10
11820,2,0,2,2,0,2,0,0,,0,0,4
11821,2,0,0,0,0,4,0,0,,0,0,10
11822,2,0,2,2,0,4,0,0,,0,0,8
11823,2,0,0,0,0,4,0,0,,0,0,8
11824,2,0,2,2,0,2,0,0,,0,0,8
11825,2,0,2,2,0,2,0,0,,0,0,4
11826,2,0,0,0,0,2,0,0,,0,0,8
11827,2,0,2,2,0,4,0,0,,0,0,8
11828,2,0,2,0,0,4,0,0,,0,0,8
11829,2,0,0,2,0,2,0,0,,0,0,8
11830,2,0,2,0,0,4,0,0,,0,0,8
11831,2,0,0,2,0,4,0,0,,0,0,8
11832,2,0,0,2,0,2,0,0,,0,0,6
11833,2,0,2,2,0,4,0,0,,0,0,6
11834,2,0,0,2,0,4,0,0,,0,0,10
11835,2,0,2,0,0,2,0,0,,0,0,6
11836,2,0,0,0,0,4,0,0,,0,0,6
11837,2,0,0,2,0,4,0,0,,0,0,8
11838,2,0,2,2,0,2,0,0,,0,0,6
11839,2,0,0,0,0,4,0,0,,0,0,8
11840,2,0,0,0,0,4,0,0,,0,0,10
11841,2,0,2,2,0,2,2,0,,0,0,8
11842,2,0,0,2,0,2,0,0,,0,0,4
11843,2,0,0,2,0,192,0,0,,0,0,196
11844,2,0,2,2,0,2,0,0,,0,0,4
11845,2,0,0,0,0,4,0,0,,0,0,8
11846,2,0,2,0,0,4,0,0,,0,0,8
11847,2,0,0,0,0,4,0,0,,0,0,8
11848,2,0,0,0,0,2,0,0,,0,0,4
11849,2,0,0,2,0,192,0,0,,0,0,198
11850,2,0,2,2,0,2,0,0,,0,0,6
11851,2,0,0,0,0,2,2,0,,0,0,10
11852,2,0,2,2,0,4,0,0,,0,0,8
11853,2,0,2,2,0,4,0,0,,0,0,8
11854,2,0,0,2,0,2,0,0,,0,0,8
11855,2,0,2,0,0,2,0,0,,0,0,4
11856,2,0,0,2,0,2,0,0,,0,0,4
11857,0,0,0,2,0,4,0,0,,0,0,8
11858,2,0,2,0,0,2,0,0,,0,0,6
11859,2,0,0,0,0,2,0,0,,0,0,6
11860,2,0,2,2,0,4,0,0,,0,0,8
11861,2,0,0,2,0,200,0,0,,0,0,204
11862,2,0,2,0,0,495,0,0,,0,0,499
11863,2,0,0,2,0,2,0,0,,0,0,4
11864,2,0,0,0,0,4,0,0,,0,0,6
11865,2,0,0,2,0,2,0,0,,0,0,6
11866,2,0,2,0,0,4,0,0,,0,0,8
11867,2,0,0,0,0,4,0,0,,0,0,8
11868,2,0,2,0,0,4,0,0,,0,0,8
11869,0,0,0,2,0,4,0,0,,0,0,8
11870,2,0,2,0,0,4,0,0,,0,0,10
11871,2,0,2,2,0,4,0,0,,0,0,10
11872,2,2,0,2,0,4,0,0,,0,0,10
11873,2,2,2,2,0,2,0,0,,0,0,6
11874,2,0,0,2,0,2,0,0,,0,0,8
11875,2,0,2,0,0,2,0,0,,0,0,6
11876,2,0,2,2,0,2,0,0,,0,0,4
11877,2,0,0,2,0,4,0,0,,0,0,8
11878,2,0,0,0,0,4,0,0,,0,0,8
11879,2,0,2,0,0,2,0,0,,0,0,6
11880,2,0,0,2,0,4,0,0,,0,0,8
11881,2,0,2,0,0,4,0,0,,0,0,8
11882,2,0,2,2,0,2,0,0,,0,0,6
11883,2,0,0,0,0,2,0,0,,0,0,6
11884,2,0,2,0,0,493,0,0,,0,0,495
11885,2,0,0,2,0,2,0,0,,0,0,6
11886,2,0,0,0,0,4,0,0,,0,0,8
11887,2,0,2,0,0,2,0,0,,0,0,8
11888,2,0,2,2,0,4,0,0,,0,0,8
11889,2,0,2,0,0,4,0,0,,0,0,8
11890,2,0,0,2,0,2,0,0,,0,0,6
11891,2,0,2,0,0,4,0,0,,0,0,8
11892,0,0,2,2,0,4,0,0,,0,0,6
11893,2,0,0,0,0,4,0,0,,0,0,8
11894,2,0,2,0,0,4,0,0,,0,0,8
11895,2,0,0,2,0,4,0,0,,0,0,10
11896,2,0,2,0,0,222,0,0,,0,0,226
11897,2,0,2,2,0,2,0,0,,0,0,6
11898,2,0,0,2,0,2,0,0,,0,0,4
11899,2,0,0,0,0,2,0,0,,0,0,8
11900,2,0,2,2,0,2,0,0,,0,0,4
11901,2,0,0,0,0,232,0,0,,0,0,236
11902,2,0,2,2,0,4,0,0,,0,0,10
11903,2,0,2,0,0,2,0,0,,0,0,8
11904,2,0,2,0,0,4,0,0,,0,0,8
11905,2,0,0,2,0,4,0,0,,0,0,8
11906,2,0,2,2,0,4,0,0,,0,0,8
11907,2,0,2,2,0,4,0,0,,0,0,10
11908,2,0,2,0,0,4,0,0,,0,0,8
11909,2,0,0,0,0,437,0,0,,0,0,439
11910,2,0,0,2,0,4,0,0,,0,0,8
11911,2,0,0,2,0,4,0,0,,0,0,6
11912,2,0,0,0,0,4,0,0,,0,0,10
11913,0,0,2,2,0,2,0,0,,0,0,4
11914,2,0,0,0,0,2,0,0,,0,0,6
11915,2,0,2,2,0,4,0,0,,0,0,8
11916,2,0,2,2,0,2,0,0,,0,0,6
11917,2,0,0,0,0,2,0,0,,0,0,6
11918,2,0,2,0,0,437,0,0,,0,0,441
11919,2,0,0,2,0,4,0,0,,0,0,8
11920,0,0,2,0,0,2,0,0,,0,0,6
11921,2,0,2,2,0,4,2,0,,0,0,10
11922,2,0,0,0,0,4,0,0,,0,0,8
11923,2,0,2,2,0,4,0,0,,0,0,6
11924,2,0,0,2,0,4,0,0,,0,0,8
11925,2,0,2,0,0,4,0,0,,0,0,8
11926,2,0,0,0,0,2,0,0,,0,0,6
11927,2,0,0,0,0,2,0,0,,0,0,2188
11928,2,0,2184,2,0,4,0,0,,0,0,8
11929,2,0,0,2,0,4,0,0,,0,0,8
11930,2,0,2,0,0,435,0,0,,0,0,439
11931,2,0,0,2,0,2,0,0,,0,0,6
11932,2,0,0,0,0,2,0,0,,0,0,6
11933,2,0,2,2,0,2,0,0,,0,0,6
11934,2,0,0,2,0,4,0,0,,0,0,8
11935,2,0,2,0,0,2,0,0,,0,0,6
11936,2,0,0,2,0,2,0,0,,0,0,8
11937,2,0,2,0,0,4,0,0,,0,0,8
11938,2,0,2,2,0,4,0,0,,0,0,8
11939,2,0,0,2,0,4,0,0,,0,2,12
11940,2,0,2,0,0,4,0,0,,0,0,8
11941,2,0,0,2,0,249,0,0,,0,0,255
11942,2,0,2,2,0,4,0,0,,0,0,8
11943,2,0,2,2,0,4,0,0,,0,0,8
11944,2,0,0,2,0,2,0,0,,0,0,8
11945,2,0,2,0,0,2,0,0,,0,0,4
11946,2,0,0,2,0,452,0,0,,0,0,456
11947,2,0,2,2,0,4,0,0,,0,0,880
11948,2,2,870,0,0,4,0,0,,0,0,230
11949,2,2,222,0,0,2,0,0,,0,0,211
11950,2,0,205,2,0,2,0,0,,0,0,202
11951,2,0,198,0,0,2,0,0,,0,0,204
11952,2,0,198,2,0,4,0,0,,0,0,204
11953,2,0,196,0,0,2,0,0,,0,0,196
11954,2,0,192,2,0,2,0,0,,0,0,200
11955,2,0,194,2,0,4,0,0,,0,0,198
11956,2,0,192,0,0,4,0,0,,0,0,200
11957,2,0,192,2,0,2,0,0,,0,0,196
11958,2,0,190,0,0,2,0,0,,0,0,194
11959,53,0,190,2,0,4,0,0,,0,0,249
11960,68,0,190,2,0,2,0,0,,0,0,262
11961,70,0,192,0,0,2,0,0,,0,0,264
11962,70,0,192,2,0,4,0,0,,0,0,268
11963,70,0,192,0,0,4,0,0,,0,0,268
11964,70,0,192,0,0,4,0,0,,0,0,270
11965,70,0,194,2,0,2,0,0,,0,0,268
11966,70,0,194,2,0,4,0,0,,0,0,268
11967,68,0,194,2,0,4,0,0,,0,0,266
11968,68,0,194,2,0,249,0,0,,0,0,513
11969,68,0,194,0,0,441,0,0,,0,0,705
11970,66,0,194,0,0,4,0,0,,0,0,264
11971,66,0,194,2,0,2,0,0,,0,0,264
11972,66,0,194,2,0,4,0,0,,0,0,266
11973,15,0,194,0,0,4,0,0,,0,0,213
11974,2,0,194,2,0,2,2,0,,0,0,204
11975,0,0,196,2,0,4,0,0,,0,2,204
11976,2,0,196,0,0,4,0,0,,0,0,200
11977,2,0,192,2,0,2,0,0,,0,0,200
11978,2,0,194,2,0,4,0,0,,0,0,200
11979,2,0,192,2,0,4,0,0,,0,0,200
11980,2,0,192,2,0,2,0,0,,0,0,200
11981,2,0,194,2,0,2,0,0,,0,0,198
11982,2,0,192,2,0,4,0,0,,0,0,196
11983,2,0,190,2,0,2,0,0,,0,0,194
11984,2,0,190,2,0,2,0,0,,0,0,194
11985,2,0,190,0,0,2,0,0,,0,0,192
11986,2,0,188,0,0,2,0,0,,0,0,194
11987,2,0,188,0,0,2,0,0,,0,0,190
11988,2,0,186,0,0,2,0,0,,0,0,194
11989,2,0,188,2,0,2,0,0,,0,0,190
11990,2,0,186,0,0,4,0,0,,0,0,194
11991,2,0,186,2,0,4,0,0,,0,2,196
11992,2,0,186,0,0,4,0,0,,0,0,192
11993,2,0,186,2,0,2,0,0,,0,0,192
11994,2,0,186,2,0,4,0,0,,0,0,191
11995,2,0,183,0,0,2,0,0,,0,0,187
11996,2,0,183,2,0,2,0,0,,0,0,185
11997,2,0,181,2,0,2,0,0,,0,0,185
11998,2,0,179,0,0,2,0,0,,0,0,183
11999,2,0,179,0,0,4,0,0,,0,0,185
12000,2,0,177,2,0,2,0,0,,0,0,183
12001,2,0,177,0,0,4,0,0,,0,0,181
12002,2,0,175,2,0,4,0,0,,0,0,185
12003,2,0,177,2,0,2,0,0,,0,0,181
12004,2,0,175,0,0,4,0,0,,0,0,179
12005,2,0,173,2,0,4,0,0,,0,0,179
12006,2,0,173,2,0,4,0,0,,0,0,181
12007,2,0,173,0,0,288,0,0,,0,0,461
12008,2,0,171,0,0,2,0,0,,0,0,177
12009,2,0,171,2,0,2,0,0,,0,0,175
12010,2,0,171,0,0,4,0,0,,0,0,177
12011,2,0,171,2,0,4,0,0,,0,0,179
12012,2,0,171,0,0,2,0,0,,0,0,177
12013,2,0,171,0,0,4,0,0,,0,0,177
12014,2,0,171,2,0,4,0,0,,0,0,179
12015,0,0,171,2,0,2,0,0,,0,0,172
12016,2,0,168,0,0,4,0,0,,0,0,177
12017,2,0,171,2,0,288,0,0,,0,0,460
12018,2,0,168,2,0,4,0,0,,0,0,174
12019,2,0,168,0,0,4,0,0,,0,0,176
12020,2,0,168,2,0,4,0,0,,0,0,174
12021,2,0,166,0,0,4,0,0,,0,0,174
12022,2,0,168,2,0,4,0,0,,0,0,174
12023,2,0,166,2,0,4,0,0,,0,0,174
12024,2,0,166,0,0,2,0,0,,0,0,170
12025,2,0,166,2,0,4,0,0,,0,0,174
12026,2,0,166,2,0,2,0,0,,0,0,172
12027,2,0,166,0,0,2,0,0,,0,0,170
12028,2,0,164,2,0,4,0,0,,0,0,172
12029,2,0,164,2,0,2,0,0,,0,0,170
12030,2,0,166,2,0,4,0,0,,0,0,172
12031,2,0,164,2,0,4,0,0,,0,0,172
12032,2,0,164,0,0,2,0,0,,0,0,170
12033,2,2,164,2,0,4,0,0,,0,0,172
12034,2,0,164,2,0,4,0,0,,0,0,170
12035,2,0,162,0,0,2,0,0,,0,0,168
12036,2,0,164,2,0,2,0,0,,0,0,168
12037,2,0,164,2,0,2,2,0,,0,0,170
12038,2,0,164,0,0,4,0,0,,0,0,170
12039,2,0,164,0,0,4,0,0,,0,0,170
12040,2,0,162,0,0,2,0,0,,0,0,168
12041,2,0,162,0,0,4,0,0,,0,0,170
12042,2,0,164,2,0,4,0,0,,0,0,170
12043,2,0,162,2,0,2,0,0,,0,0,168
12044,2,0,162,0,0,2,0,0,,0,0,166
12045,2,0,162,2,0,2,0,0,,0,0,166
12046,2,0,162,2,0,316,0,0,,0,0,484
12047,2,0,164,0,0,2,0,0,,0,0,170
12048,2,0,164,0,0,2,0,0,,0,0,168
12049,2,0,162,2,0,4,0,0,,0,0,168
12050,2,0,162,2,0,4,2,0,,0,0,170
12051,2,0,162,2,0,318,0,0,,0,0,482
12052,2,0,162,0,0,2,0,0,,0,0,168
12053,2,0,162,0,0,2,0,0,,0,0,166
12054,2,0,162,0,0,4,0,0,,0,0,168
12055,11,0,160,2,0,2,0,0,,0,0,177
12056,11,0,162,0,0,2,0,0,,0,0,175
12057,15,0,162,2,0,4,0,0,,0,0,179
12058,17,0,160,2,0,4,0,0,,0,0,183
12059,21,0,160,0,0,4,0,0,,0,0,189
12060,28,0,162,0,0,4,0,0,,0,0,192
12061,2,0,160,2,0,4,0,0,,0,0,168
12062,2,0,162,2,0,4,0,0,,0,0,168
12063,2,0,160,0,0,4,0,0,,0,0,168
12064,13,0,160,0,0,4,0,0,,0,0,177
12065,17,0,160,2,0,4,0,0,,0,0,181
12066,21,0,160,2,0,4,0,0,,0,0,189
12067,2,0,162,0,0,4,0,0,,0,0,166
12068,17,0,160,0,0,2,0,0,,0,0,179
12069,23,0,160,2,0,4,0,0,,0,0,189
12070,2,0,162,0,0,4,0,0,,0,0,168
12071,2,0,160,0,0,4,0,0,,0,0,166
12072,2,0,158,0,0,4,0,0,,0,0,166
12073,2,0,160,2,0,2,0,0,,0,0,164
12074,2,0,160,2,0,4,0,0,,0,0,168
12075,2,0,160,0,0,4,0,0,,0,0,166
12076,2,0,160,0,0,2,0,0,,0,0,164
12077,2,0,160,2,0,2,0,0,,0,0,164
12078,2,0,160,0,0,4,0,0,,0,0,168
12079,15,0,160,0,0,4,0,0,,0,0,181
12080,19,0,162,0,0,4,0,0,,0,0,183
12081,6,0,160,2,0,2,0,0,,0,0,170
12082,2,0,160,0,0,4,0,0,,0,0,168
12083,2,0,160,0,0,4,0,0,,0,0,168
12084,2,0,160,2,0,4,0,0,,0,0,166
12085,2,0,160,2,0,2,0,0,,0,0,166
12086,15,0,160,2,0,294,0,0,,0,0,469
12087,2,0,160,0,0,2,0,0,,0,0,164
12088,2,0,160,2,0,2,0,0,,0,0,166
12089,2,0,160,0,0,4,0,0,,0,0,168
12090,2,0,160,0,0,4,0,0,,0,0,166
12091,2,0,158,2,0,4,0,0,,0,0,164
12092,2,0,158,2,0,4,0,0,,0,0,166
12093,2,0,160,2,0,4,0,0,,0,0,166
12094,2,0,160,0,0,4,0,0,,0,0,168
12095,2,0,160,0,0,4,0,0,,0,0,168
12096,2,0,160,0,0,2,0,0,,0,0,162
12097,2,0,158,2,0,4,0,0,,0,0,168
12098,2,0,160,2,0,4,0,0,,0,0,164
12099,2,0,158,0,0,4,0,0,,0,0,166
12100,2,0,160,2,0,2,0,0,,0,0,166
12101,2,0,160,0,0,2,0,0,,0,0,162
12102,2,0,158,0,0,4,0,0,,0,0,164
12103,2,0,158,2,0,4,0,0,,0,0,168
12104,2,0,160,0,0,4,0,0,,0,0,166
12105,2,0,158,0,0,4,0,0,,0,0,166
12106,2,0,158,2,0,4,0,0,,0,0,164
12107,2,0,158,2,0,399,0,0,,0,0,563
12108,2,0,160,2,0,2,0,0,,0,0,164
12109,2,0,158,0,0,2,0,0,,0,0,162
12110,0,0,158,2,0,2,0,0,,0,0,162
12111,2,0,158,2,0,2,0,0,,0,2,166
12112,2,0,160,0,0,4,0,0,,0,0,166
12113,2,0,158,2,0,296,0,0,,0,0,456
12114,15,0,158,0,0,296,0,0,,0,0,471
12115,26,0,158,2,0,4,0,0,,0,0,190
12116,28,0,158,0,0,4,0,0,,0,0,190
12117,2,0,158,2,0,4,0,0,,0,0,166
12118,2,0,158,2,0,2,0,0,,0,0,166
12119,2,0,160,0,0,2,0,0,,0,0,162
12120,2,0,158,2,0,4,2,0,,0,0,168
12121,2,0,158,2,0,2,0,0,,0,0,168
12122,2,2,160,0,0,2,0,0,,0,0,166
12123,2,2,158,2,0,4,0,0,,0,0,164
12124,0,0,158,2,0,4,0,0,,0,0,162
12125,2,0,158,2,0,4,0,0,,0,0,166
12126,2,0,158,0,0,277,0,0,,0,0,439
12127,2,0,158,0,0,4,0,0,,0,0,166
12128,2,0,158,2,0,2,0,0,,0,0,162
12129,2,0,158,2,0,4,0,0,,0,0,166
12130,2,0,158,2,0,4,0,0,,0,0,164
12131,2,0,158,0,0,429,0,0,,0,0,591
12132,2,0,158,2,0,2,0,0,,0,0,164
12133,2,0,158,0,0,4,0,0,,0,0,164
12134,2,0,158,2,0,2,0,0,,0,0,164
12135,2,0,158,2,0,4,0,0,,0,0,166
12136,2,0,158,0,0,4,0,0,,0,0,166
12137,2,0,158,2,0,2,0,0,,0,0,162
12138,2,0,158,2,0,4,0,0,,0,0,164
12139,2,0,158,2,0,2,0,0,,0,0,164
12140,2,0,158,0,0,2,2,0,,0,0,166
12141,2,0,158,0,0,4,0,0,,0,0,164
12142,2,0,158,2,0,4,0,0,,0,0,166
12143,2,0,158,2,0,4,0,0,,0,0,164
12144,2,0,158,0,0,269,0,0,,0,0,431
12145,2,0,158,2,0,4,0,0,,0,0,166
12146,2,0,158,0,0,4,0,0,,0,0,164
12147,0,0,158,2,0,2,0,0,,0,0,162
12148,2,0,158,2,0,2,0,0,,0,0,164
12149,2,0,158,0,0,4,0,0,,0,0,164
12150,2,0,158,2,0,2,0,0,,0,0,162
12151,2,0,158,2,0,4,0,0,,0,0,164
12152,2,0,156,0,0,4,0,0,,0,0,162
12153,2,0,156,0,0,446,0,0,,0,2,610
12154,2,0,158,2,0,450,0,0,,0,0,612
12155,2,0,158,0,0,2,0,0,,0,0,162
12156,2,0,158,2,0,4,0,0,,0,0,166
12157,2,0,158,2,0,4,0,0,,0,0,166
12158,2,0,158,0,0,4,0,0,,0,0,166
12159,2,0,158,2,0,4,0,0,,0,0,164
12160,2,0,158,2,0,4,0,0,,0,0,164
12161,2,0,158,2,0,4,2,0,,0,0,168
12162,2,0,158,0,0,2,0,0,,0,2,166
12163,2,0,158,0,0,2,0,0,,0,0,162
12164,2,0,158,2,0,2,0,0,,0,0,160
12165,2,0,156,2,0,2,0,0,,0,0,162
12166,0,0,158,0,0,2,0,0,,0,0,162
12167,2,0,158,0,0,4,0,0,,0,0,166
12168,2,0,158,0,0,4,0,0,,0,0,164
12169,2,0,158,2,0,4,0,0,,0,0,164
12170,2,0,156,2,0,4,0,0,,0,0,164
12171,2,0,156,0,0,2,2,0,,0,2,166
12172,2,0,158,2,0,4,0,0,,0,0,166
12173,2,0,158,2,0,4,0,0,,0,0,166
12174,2,0,158,0,0,2,0,0,,0,0,160
12175,2,0,156,2,0,2,0,0,,0,0,162
12176,2,0,158,2,0,4,0,0,,0,0,164
12177,2,0,156,0,0,4,0,0,,0,0,162
12178,0,0,156,0,0,508,0,0,,0,0,664
12179,2,0,156,2,0,2,0,0,,0,0,162
12180,2,0,158,0,0,4,0,0,,0,0,164
12181,2,0,158,0,0,2,2,0,,0,0,164
12182,2,0,156,0,0,4,0,0,,0,0,164
12183,2,0,158,0,0,2,0,0,,0,0,162
12184,2,0,158,2,0,2,0,0,,0,0,162
12185,2,0,158,0,0,4,0,0,,0,0,164
12186,2,0,156,0,0,2,0,0,,0,0,164
12187,2,0,158,0,0,4,0,0,,0,0,162
12188,2,0,156,2,0,4,0,0,,0,2,164
12189,0,0,156,2,0,4,0,0,,0,0,164
12190,2,0,158,0,0,4,2,0,,0,0,166
12191,2,0,156,0,0,4,0,0,,0,0,162
12192,2,0,156,2,0,4,0,0,,0,0,166
12193,2,0,158,2,0,4,0,0,,0,0,164
12194,2,0,156,0,0,4,0,0,,0,0,164
12195,2,0,156,2,0,2,0,0,,0,0,162
12196,2,0,156,2,0,4,0,0,,0,0,164
12197,2,0,158,2,0,2,0,0,,0,0,162
12198,2,0,156,2,0,4,0,0,,0,0,164
12199,0,0,156,0,0,4,0,0,,0,0,162
12200,2,0,156,2,0,2,0,0,,0,0,160
12201,2,0,156,2,0,2,0,0,,0,0,164
12202,2,0,158,2,0,4,0,0,,0,0,162
12203,2,0,156,0,0,4,0,0,,0,0,162
12204,2,0,156,2,0,2,0,0,,0,0,162
12205,0,0,156,0,0,4,0,0,,0,0,160
12206,2,0,156,0,0,4,0,0,,0,0,162
12207,2,0,156,2,0,4,0,0,,0,0,164
12208,2,0,156,0,0,2,0,0,,0,0,160
12209,2,0,156,0,0,2,0,0,,0,0,162
12210,2,0,156,2,0,2,0,0,,0,2,164
12211,2,0,156,0,0,4,0,0,,0,0,162
12212,2,0,156,2,0,2,0,0,,0,0,164
12213,2,0,158,2,0,4,0,0,,0,0,164
12214,0,0,156,0,0,4,0,0,,0,0,160
12215,2,0,156,2,0,4,0,0,,0,0,166
12216,2,0,158,2,0,4,0,0,,0,0,164
12217,2,0,156,0,0,2,0,0,,0,0,160
12218,2,0,156,2,0,2,0,0,,0,0,162
12219,2,0,158,2,0,2,0,0,,0,2,162
12220,2,0,156,0,0,4,0,0,,0,0,164
12221,2,0,156,0,0,4,2,0,,0,0,168
12222,2,0,158,0,0,2,0,0,,0,0,160
12223,2,0,156,2,0,4,0,0,,0,0,164
12224,2,0,156,2,0,2,0,0,,0,0,162
12225,2,0,156,0,0,2,0,0,,0,0,160
12226,2,0,156,2,0,2,0,0,,0,0,162
12227,0,0,156,2,0,4,0,0,,0,0,164
12228,2,0,158,0,0,2,0,0,,0,0,160
12229,2,0,156,2,0,2,0,0,,0,0,160
12230,2,0,156,2,0,525,0,0,,0,0,685
12231,2,0,156,0,0,2,0,0,,0,0,160
12232,2,0,156,0,0,4,0,0,,0,0,164
12233,2,2,156,2,0,4,0,0,,0,0,164
12234,0,0,158,0,0,173,0,0,,0,0,329
12235,2,0,156,0,0,2,0,0,,0,0,162
12236,2,0,156,0,0,2,0,0,,0,0,162
12237,2,0,156,0,0,4,0,0,,0,0,164
12238,2,0,156,2,0,4,0,0,,0,0,162
12239,2,0,156,2,0,2,0,0,,0,0,164
12240,2,0,158,2,0,4,0,0,,0,0,164
12241,2,0,156,0,0,4,0,0,,0,0,164
12242,2,0,158,2,0,4,0,0,,0,2,168
12243,2,0,158,2,0,2,0,0,,0,0,162
12244,2,0,156,0,0,4,0,0,,0,0,164
12245,2,0,158,2,0,2,0,0,,0,0,164
12246,2,0,158,2,0,4,0,0,,0,0,164
12247,2,0,156,0,0,520,0,0,,0,0,680
12248,2,0,156,2,0,177,0,0,,0,0,337
12249,2,0,156,2,0,4,0,0,,0,0,164
12250,2,0,158,2,0,2,0,0,,0,0,162
12251,2,0,156,2,0,4,2,0,,0,0,166
12252,2,0,158,0,0,4,0,0,,0,0,162
12253,2,0,156,2,0,2,0,0,,0,0,164
12254,2,0,158,0,0,2,0,0,,0,0,162
12255,2,0,158,0,0,4,0,0,,0,0,164
12256,2,0,158,2,0,2,0,0,,0,0,164
12257,2,0,158,0,0,2,0,0,,0,0,162
12258,2,0,158,0,0,4,0,0,,0,0,164
12259,2,0,158,2,0,2,0,0,,0,0,164
12260,2,0,158,0,0,2,0,0,,0,0,164
12261,2,0,158,0,0,4,0,0,,0,0,166
12262,2,0,158,2,0,4,0,0,,0,0,164
12263,2,0,158,2,0,4,0,0,,0,0,164
12264,2,0,158,2,0,4,0,0,,0,0,166
12265,2,0,158,0,0,4,0,0,,0,0,166
12266,2,0,158,0,0,2,0,0,,0,0,162
12267,2,0,158,2,0,2,0,0,,0,0,164
12268,2,0,158,2,0,4,0,0,,0,0,166
12269,2,0,158,0,0,2,0,0,,0,0,160
12270,2,0,156,2,0,4,0,0,,0,0,166
12271,2,0,158,2,0,4,0,0,,0,0,166
12272,2,0,158,0,0,4,0,0,,0,0,164
12273,2,0,156,2,0,4,0,0,,0,0,164
12274,2,0,158,2,0,4,0,0,,0,0,166
12275,2,0,158,2,0,2,0,0,,0,0,162
12276,2,0,158,0,0,2,0,0,,0,0,164
12277,2,0,158,2,0,4,0,0,,0,0,164
12278,0,0,156,0,0,4,0,0,,0,0,162
12279,2,0,158,2,0,4,0,0,,0,0,162
12280,2,0,156,2,0,2,0,0,,0,0,164
12281,2,0,158,0,0,4,0,0,,0,0,166
12282,2,0,158,0,0,2,0,0,,0,0,160
12283,0,0,156,2,0,4,0,0,,0,2,166
12284,2,0,158,2,0,4,0,0,,0,0,166
12285,2,0,158,0,0,4,0,0,,0,0,162
12286,2,0,156,2,0,4,0,0,,0,0,166
12287,2,0,158,2,0,4,0,0,,0,0,164
12288,2,0,156,0,0,4,0,0,,0,0,166
12289,2,0,158,2,0,4,0,0,,0,0,162
12290,2,0,156,2,0,4,0,0,,0,0,164
12291,2,0,158,2,0,4,0,0,,0,0,164
12292,2,0,156,0,0,2,0,0,,0,0,162
12293,2,0,156,0,0,478,0,0,,0,2,642
12294,2,0,158,2,0,2,0,0,,0,0,162
12295,2,0,158,2,0,4,0,0,,0,0,162
12296,2,0,156,2,0,4,0,0,,0,0,166
12297,2,0,158,0,0,4,0,0,,0,0,166
12298,2,0,158,0,0,4,0,0,,0,0,162
12299,2,0,156,2,0,482,0,0,,0,0,644
12300,0,0,158,2,0,4,0,0,,0,0,162
12301,2,0,156,0,0,2,0,0,,0,0,164
12302,2,0,158,2,0,2,0,0,,0,0,162
12303,2,0,156,2,0,4,0,0,,0,0,164
12304,2,0,156,2,0,2,0,0,,0,0,160
12305,2,0,156,2,0,4,0,0,,0,0,164
12306,2,0,156,2,0,4,0,0,,0,0,166
12307,2,0,158,0,0,4,0,0,,0,0,162
12308,2,0,156,2,0,4,0,0,,0,0,164
12309,2,0,156,2,0,4,0,0,,0,0,164
12310,2,0,156,0,0,4,0,0,,0,0,164
12311,2,0,158,2,0,2,0,0,,0,0,160
12312,2,0,156,2,0,4,0,0,,0,0,164
12313,2,0,156,0,0,4,0,0,,0,0,164
12314,2,0,156,0,0,4,0,0,,0,0,164
12315,2,0,156,2,0,4,0,0,,0,0,164
12316,2,0,156,2,0,4,0,0,,0,0,162
12317,2,0,156,2,0,4,0,0,,0,0,164
12318,0,0,156,2,0,4,0,0,,0,0,164
12319,2,2,156,0,0,4,0,0,,0,0,164
12320,2,2,156,2,0,4,0,0,,0,0,164
12321,2,0,156,2,0,2,0,0,,0,0,162
12322,2,0,156,0,0,4,0,0,,0,0,162
12323,2,0,156,2,0,2,2,0,,0,0,164
12324,0,0,156,2,0,2,0,0,,0,0,160
12325,2,0,156,0,0,4,0,0,,0,0,162
12326,2,0,156,2,0,4,0,0,,0,0,164
12327,2,0,156,2,0,4,0,0,,0,0,162
12328,2,0,156,0,0,4,0,0,,0,0,164
12329,2,0,156,2,0,4,0,0,,0,0,164
12330,2,0,156,0,0,4,0,0,,0,0,162
12331,2,0,156,2,0,4,0,0,,0,0,164
12332,2,0,156,2,0,2,0,0,,0,0,162
12333,2,0,156,0,0,4,0,0,,0,0,164
12334,2,0,156,2,0,2,0,0,,0,0,162
12335,2,0,156,2,0,4,0,0,,0,0,162
12336,2,0,156,2,0,2,0,0,,0,0,160
12337,2,0,156,2,0,4,0,0,,0,0,162
12338,2,0,156,0,0,4,0,0,,0,0,164
12339,2,0,156,0,0,4,0,0,,0,0,162
12340,2,0,156,0,0,4,0,0,,0,0,164
12341,2,0,156,2,0,4,0,0,,0,0,162
12342,2,0,156,0,0,188,0,0,,0,0,346
12343,2,0,156,2,0,2,0,0,,0,0,160
12344,2,0,156,0,0,4,0,0,,0,0,162
12345,2,0,154,0,0,4,0,0,,0,0,164
12346,2,0,156,0,0,4,0,0,,0,0,160
12347,2,0,154,2,0,4,0,0,,0,0,164
12348,2,0,156,2,0,4,0,0,,0,0,162
12349,2,0,154,0,0,2,0,0,,0,0,160
12350,2,0,156,2,0,2,0,0,,0,0,160
12351,2,0,154,2,0,4,0,0,,0,0,162
12352,2,0,154,0,0,2,0,0,,0,0,158
12353,2,0,154,2,0,2,0,0,,0,0,158
12354,2,0,154,2,0,2,0,0,,0,0,160
12355,2,0,156,0,0,4,0,0,,0,0,162
12356,2,0,154,0,0,4,0,0,,0,0,160
12357,2,0,154,0,0,4,0,0,,0,0,162
12358,0,0,154,2,0,4,0,0,,0,0,162
12359,2,0,156,0,0,2,0,0,,0,0,160
12360,2,0,156,2,0,269,0,0,,0,0,431
12361,2,0,158,2,0,2,0,0,,0,0,160
12362,2,0,156,0,0,2,0,0,,0,0,160
12363,2,0,156,2,0,2,0,0,,0,0,162
12364,2,0,156,0,0,4,0,0,,0,0,162
12365,2,0,156,0,0,2,0,0,,0,0,162
12366,2,0,156,2,0,2,0,0,,0,0,160
12367,2,0,156,0,0,2,0,0,,0,0,160
12368,2,0,156,2,0,4,0,0,,0,0,164
12369,2,0,156,0,0,4,0,0,,0,0,162
12370,2,0,156,0,0,4,0,0,,0,0,164
12371,2,0,156,2,0,4,0,0,,0,0,162
12372,2,0,156,0,0,2,0,0,,0,0,160
12373,2,0,156,2,0,2,0,0,,0,0,162
12374,2,0,156,0,0,4,0,0,,0,0,164
12375,2,0,156,0,0,2,0,0,,0,0,162
12376,2,0,156,2,0,2,0,0,,0,0,160
12377,2,0,156,2,0,2,0,0,,0,0,158
12378,2,0,154,2,0,2,0,0,,0,0,162
12379,2,0,156,0,0,4,0,0,,0,0,164
12380,2,0,156,0,0,2,2,0,,0,0,162
12381,2,0,156,2,0,2,0,0,,0,2,162
12382,2,0,154,2,0,4,0,0,,0,0,162
12383,2,0,156,0,0,354,0,0,,0,0,512
12384,2,0,154,2,0,4,0,0,,0,0,162
12385,0,0,154,0,0,2,0,0,,0,0,158
12386,2,0,156,2,0,2,0,0,,0,0,162
12387,2,0,156,2,0,2,0,0,,0,0,158
12388,2,0,154,0,0,4,0,0,,0,0,162
12389,2,0,156,2,0,4,0,0,,0,0,162
12390,2,0,154,0,0,2,0,0,,0,0,158
12391,2,0,154,0,0,4,0,0,,0,0,164
12392,2,0,156,2,0,4,0,0,,0,0,160
12393,2,0,154,0,0,4,0,0,,0,0,160
12394,2,0,154,2,0,4,0,0,,0,0,162
12395,2,0,154,0,0,4,0,0,,0,0,162
12396,2,0,154,0,0,4,0,0,,0,0,164
12397,2,0,156,2,0,4,0,0,,0,0,160
12398,2,0,154,2,0,2,0,0,,0,0,162
12399,2,0,156,2,0,4,0,0,,0,0,162
12400,2,0,154,0,0,4,0,0,,0,0,160
12401,2,0,154,2,0,4,0,0,,0,0,162
12402,2,0,154,2,0,4,0,0,,0,0,162
12403,2,0,154,0,0,4,0,0,,0,0,162
12404,2,0,154,2,0,4,0,0,,0,0,162
12405,2,0,154,2,0,414,2,0,,0,0,574
12406,2,0,156,2,0,4,0,0,,0,0,162
12407,2,0,154,2,0,4,0,0,,0,0,162
12408,2,2,154,0,0,2,0,0,,0,0,162
12409,2,2,154,2,0,4,0,0,,0,0,162
12410,2,0,154,0,0,2,0,0,,0,0,160
12411,2,0,154,2,0,2,0,0,,0,0,158
12412,2,0,154,2,0,2,0,0,,0,0,160
12413,2,0,154,2,0,4,0,0,,0,2,161
12414,2,0,151,0,0,4,0,0,,0,0,160
12415,2,0,154,2,0,2,0,0,,0,0,158
12416,2,0,154,2,0,4,0,0,,0,0,162
12417,2,0,154,0,0,4,0,0,,0,0,160
12418,2,0,154,0,0,2,0,0,,0,0,155
12419,2,0,151,2,0,4,0,0,,0,0,159
12420,2,0,151,0,0,4,0,0,,0,0,162
12421,2,0,154,0,0,2,0,0,,0,0,157
12422,2,0,151,2,0,2,0,0,,0,2,157
12423,2,0,151,2,0,2,0,0,,0,0,158
12424,2,0,154,2,0,4,0,0,,0,0,162
12425,2,0,154,0,0,2,0,0,,0,0,155
12426,2,0,151,0,0,4,2,0,,0,0,159
12427,2,0,151,2,0,2,0,0,,0,0,160
12428,2,0,154,0,0,2,0,0,,0,0,157
12429,2,0,151,0,0,2,0,0,,0,0,155
12430,2,0,151,2,0,4,0,0,,0,0,162
12431,2,0,154,2,0,4,0,0,,0,0,159
12432,2,0,151,0,0,2,0,0,,0,2,157
12433,2,0,151,2,0,2,0,0,,0,0,160
12434,2,0,154,2,0,4,0,0,,0,0,157
12435,2,0,151,0,0,4,0,0,,0,0,157
12436,0,0,151,2,0,2,0,0,,0,0,155
12437,2,0,151,0,0,4,0,0,,0,0,159
12438,2,0,151,0,0,4,0,0,,0,0,157
12439,2,0,151,2,0,245,2,0,,0,0,400
12440,2,0,151,2,0,4,0,0,,0,0,162
12441,2,0,154,0,0,4,0,0,,0,0,157
12442,2,0,151,0,0,4,0,0,,0,0,157
12443,2,0,151,2,0,4,0,0,,0,0,159
12444,2,0,151,0,0,2,0,0,,0,0,157
12445,2,0,151,0,0,456,0,0,,0,0,609
12446,2,0,151,2,0,4,0,0,,0,0,159
12447,2,0,151,2,0,4,0,0,,0,0,157
12448,2,0,151,0,0,4,0,0,,0,0,159
12449,2,0,151,2,0,4,0,0,,0,0,157
12450,2,0,151,0,0,4,0,0,,0,0,157
12451,2,0,151,2,0,4,0,0,,0,0,159
12452,2,0,151,0,0,2,0,0,,0,0,155
12453,2,0,151,0,0,2,0,0,,0,0,157
12454,2,0,151,2,0,2,0,0,,0,0,155
12455,2,0,151,0,0,4,0,0,,0,0,159
12456,0,0,151,2,0,254,0,0,,0,0,407
12457,2,0,151,0,0,4,0,0,,0,0,157
12458,2,0,151,2,0,2,0,0,,0,0,155
12459,2,0,151,2,0,2,0,0,,0,0,157
12460,2,0,151,0,0,4,0,0,,0,0,159
12461,2,0,151,0,0,4,0,0,,0,0,157
12462,2,0,149,2,0,2,0,0,,0,0,155
12463,2,0,151,2,0,2,0,0,,0,0,155
12464,2,0,151,2,0,252,0,0,,0,0,407
12465,2,0,151,0,0,4,0,0,,0,0,159
12466,2,0,151,0,0,4,0,0,,0,0,157
12467,2,0,151,2,0,2,0,0,,0,0,157
12468,2,0,151,2,0,4,0,0,,0,0,159
12469,2,0,151,0,0,4,0,0,,0,0,159
12470,2,0,151,2,0,4,0,0,,0,0,159
12471,2,0,151,2,0,2,0,0,,0,0,153
12472,0,0,149,2,0,4,0,0,,0,0,157
12473,0,0,151,2,0,4,0,0,,0,0,155
12474,2,0,149,0,0,4,0,0,,0,0,157
12475,2,0,151,2,0,435,0,0,,0,0,590
12476,2,0,151,2,0,4,0,0,,0,0,155
12477,2,0,149,0,0,2,0,0,,0,0,157
12478,2,0,151,2,0,4,0,0,,0,0,157
12479,2,2,149,0,0,2,0,0,,0,0,157
12480,2,2,151,2,0,2,0,0,,0,0,155
12481,2,0,149,0,0,429,0,0,,0,0,582
12482,2,0,151,0,0,2,0,0,,0,0,155
12483,2,0,149,2,0,2,0,0,,0,0,8
12484,2,0,2,0,0,4,0,0,,0,0,8
12485,2,0,2,2,0,4,0,0,,0,0,8
12486,2,0,0,2,0,4,0,0,,0,0,8
12487,2,0,0,0,0,418,0,0,,0,0,422
12488,2,0,2,2,0,4,0,0,,0,0,8
12489,2,0,0,2,0,4,0,0,,0,0,8
12490,2,0,2,0,0,4,0,0,,0,0,6
12491,2,0,0,2,0,2,0,0,,0,0,4
12492,2,0,0,0,0,2,0,0,,0,0,8
12493,2,0,2,0,0,4,0,0,,0,0,8
12494,2,0,2,0,0,4,0,0,,0,0,8
12495,2,0,0,2,0,4,0,0,,0,0,10
12496,2,0,2,0,0,4,0,0,,0,0,8
12497,2,0,2,2,0,294,0,0,,0,0,300
12498,2,0,2,2,0,2,0,0,,0,0,8
12499,2,0,2,0,0,2,0,0,,0,0,6
12500,2,0,2,2,0,4,0,0,,0,0,6
12501,2,0,0,2,0,2,0,0,,0,0,8
12502,2,0,2,0,0,4,0,0,,0,0,8
12503,2,0,2,0,0,2,0,0,,0,0,4
12504,2,0,0,2,0,2,0,0,,0,0,8
12505,2,0,2,0,0,4,0,0,,0,2,10
12506,2,0,0,0,0,2,0,0,,0,0,6
12507,2,0,0,2,0,4,0,0,,0,0,8
12508,2,0,0,2,0,4,0,0,,0,0,8
12509,2,0,2,2,0,392,0,0,,0,0,396
12510,2,0,2,2,0,2,0,0,,0,0,6
12511,2,0,0,0,0,2,0,0,,0,0,4
12512,2,0,0,0,0,2,0,0,,0,0,4
12513,2,0,0,2,0,4,0,0,,0,0,10
12514,2,0,2,0,0,2,0,0,,0,0,6
12515,2,0,0,0,0,307,0,0,,0,0,311
12516,2,0,2,2,0,4,0,0,,0,0,10
12517,2,0,2,2,0,4,0,0,,0,0,8
12518,2,0,0,0,0,2,0,0,,0,0,6
12519,2,0,0,2,0,4,0,0,,0,0,8
12520,2,0,0,2,0,4,0,0,,0,0,8
12521,2,0,2,2,0,4,0,0,,0,0,8
12522,2,0,2,2,0,2,0,0,,0,0,6
12523,2,0,0,0,0,2,0,0,,0,0,4
12524,2,0,0,0,0,4,0,0,,0,0,8
12525,2,0,2,2,0,4,2,0,,0,2,14
12526,2,0,2,0,0,4,0,0,,0,0,6
12527,2,0,0,0,0,4,0,0,,0,0,10
12528,2,0,2,2,0,318,0,0,,0,0,322
12529,2,0,0,0,0,4,0,0,,0,0,10
12530,2,0,2,2,0,2,0,0,,0,0,8
12531,2,0,2,2,0,2,0,0,,0,0,6
12532,2,0,0,2,0,4,0,0,,0,0,6
12533,2,0,0,2,0,2,0,0,,0,0,6
12534,2,0,2,2,0,2,0,0,,0,0,6
12535,2,0,0,0,0,2,0,0,,0,0,4
12536,2,0,0,0,0,4,0,0,,0,0,8
12537,2,0,2,2,0,4,0,0,,0,2,10
12538,2,0,0,0,0,2,0,0,,0,0,8
12539,2,0,2,0,0,4,0,0,,0,0,8
12540,2,0,0,2,0,4,0,0,,0,0,10
12541,2,0,2,2,0,4,0,0,,0,0,10
12542,2,0,2,2,0,2,0,0,,0,0,4
12543,2,0,0,2,0,358,0,0,,0,0,364
12544,2,0,2,2,0,4,0,0,,0,0,6
12545,2,0,0,0,0,4,0,0,,0,0,6
12546,2,0,0,2,0,2,0,0,,0,0,4
12547,2,0,0,0,0,4,0,0,,0,0,10
12548,2,0,2,0,0,4,0,0,,0,0,8
12549,2,0,0,0,0,4,0,0,,0,0,10
12550,2,0,2,2,0,4,0,0,,0,0,6
12551,2,0,0,2,0,4,0,0,,0,0,8
12552,2,0,0,2,0,4,0,0,,0,0,10
12553,2,0,2,0,0,4,0,0,,0,0,6
12554,2,0,0,2,0,2,0,0,,0,0,6
12555,2,0,2,2,0,299,0,0,,0,0,301
12556,2,0,0,0,0,2,0,0,,0,0,6
12557,2,0,0,0,0,2,0,0,,0,0,6
12558,2,0,0,0,0,4,0,0,,0,2,8
12559,2,0,0,2,0,4,0,0,,0,0,8
12560,2,0,2,2,0,4,0,0,,0,0,10
12561,2,0,2,0,0,4,0,0,,0,0,8
12562,2,0,0,0,0,4,0,0,,0,0,8
12563,2,0,2,2,0,4,0,0,,0,0,10
12564,2,0,2,2,0,2,0,0,,0,0,6
12565,2,0,0,0,0,4,0,0,,0,0,8
12566,2,0,2,2,0,4,0,0,,0,0,8
12567,0,0,0,2,0,4,0,0,,0,0,6
12568,2,0,0,0,0,4,0,0,,0,0,8
12569,2,0,0,2,0,2,0,0,,0,0,8
12570,2,0,2,2,0,2,0,0,,0,0,4
12571,2,0,0,2,0,4,0,0,,0,0,6
12572,2,0,0,2,0,2,0,0,,0,0,8
12573,2,0,2,0,0,4,0,0,,0,0,10
12574,2,0,2,0,0,4,0,0,,0,0,6
12575,2,0,0,2,0,2,0,0,,0,0,6
12576,2,0,2,2,0,4,0,0,,0,0,8
12577,2,0,0,0,0,4,0,0,,0,0,6
12578,2,0,0,0,0,2,0,0,,0,0,6
12579,2,0,2,2,0,2,0,0,,0,0,6
12580,0,0,0,0,0,2,0,0,,0,0,6
12581,2,2,2,0,0,4,0,0,,0,0,8
12582,2,2,0,2,0,2,0,0,,0,0,8
12583,2,0,2,0,0,4,0,0,,0,0,6
12584,2,0,0,0,0,2,0,0,,0,0,4
12585,2,0,0,2,0,2,2,0,,0,0,10
12586,2,0,2,0,0,4,0,0,,0,0,6
12587,2,0,0,0,0,2,0,0,,0,0,6
12588,2,0,0,2,0,2,0,0,,0,0,8
12589,2,0,2,0,0,2,0,0,,0,0,4
12590,2,0,0,2,0,4,0,0,,0,0,8
12591,2,0,0,2,0,2,0,0,,0,0,6
12592,2,0,2,0,0,2,0,0,,0,0,4
12593,2,0,0,2,0,2,0,0,,0,0,8
12594,2,0,2,0,0,2,0,0,,0,0,6
12595,2,0,2,0,0,4,0,0,,0,0,8
12596,0,0,2,2,0,2,0,0,,0,0,4
12597,2,0,0,0,0,2,2,0,,0,0,8
12598,2,0,2,0,0,4,0,0,,0,0,8
12599,2,0,0,2,0,2,0,0,,0,0,8
12600,2,0,2,0,0,2,0,0,,0,0,4
12601,2,0,0,2,0,2,0,0,,0,0,6
12602,2,0,0,2,0,4,0,0,,0,0,8
12603,2,0,2,0,0,4,0,0,,0,0,10
12604,2,0,2,2,0,4,0,0,,0,0,8
12605,2,0,0,0,0,4,0,0,,0,0,6
12606,2,0,0,2,0,4,0,0,,0,0,10
12607,2,0,2,2,0,4,0,0,,0,0,8
12608,2,0,0,0,0,2,0,0,,0,0,6
12609,2,0,2,2,0,4,0,0,,0,0,8
12610,2,0,0,2,0,4,0,0,,0,0,8
12611,2,0,0,0,0,2,0,0,,0,0,6
12612,2,0,2,2,0,4,0,0,,0,0,6
12613,2,0,0,2,0,4,0,0,,0,0,10
12614,2,0,2,0,0,2,0,0,,0,0,4
12615,2,0,0,0,0,2,0,0,,0,0,6
12616,2,0,2,2,0,2,0,0,,0,0,6
12617,2,0,2,0,0,4,0,0,,0,0,8
12618,2,0,0,0,0,4,0,0,,0,0,10
12619,2,0,2,0,0,2,0,0,,0,0,4
12620,2,0,0,2,0,4,0,0,,0,0,6
12621,2,0,0,2,0,4,0,0,,0,0,8
12622,2,0,0,0,0,4,2,0,,0,0,10
12623,2,0,0,0,0,4,0,0,,0,0,10
12624,0,0,2,2,0,4,0,0,,0,0,4
12625,2,0,0,2,0,4,0,0,,0,0,8
12626,2,0,0,2,0,4,0,0,,0,0,8
12627,2,0,0,0,0,4,0,0,,0,0,8
12628,2,0,2,2,0,4,0,0,,0,0,8
12629,2,0,0,2,0,4,0,0,,0,0,10
12630,2,0,2,0,0,4,0,0,,0,0,8
12631,2,0,2,2,0,4,0,0,,0,0,6
12632,2,0,0,2,0,4,0,0,,0,0,8
12633,2,0,0,0,0,2,0,0,,0,0,6
12634,2,0,0,0,0,4,0,0,,0,0,8
12635,0,0,0,2,0,4,0,0,,0,0,6
12636,2,0,2,2,0,2,0,0,,0,0,4
12637,2,0,0,2,0,2,0,0,,0,0,8
12638,2,0,2,0,0,2,0,0,,0,0,4
12639,2,0,0,0,0,4,0,0,,0,0,6
12640,2,0,0,2,0,2,0,0,,0,0,6
12641,2,0,0,0,0,2,2,0,,0,0,6
12642,2,0,0,0,0,2,0,0,,0,0,4
12643,2,0,0,2,0,4,0,0,,0,0,8
12644,2,0,2,0,0,4,0,0,,0,0,8
12645,2,0,0,0,0,4,0,0,,0,0,8
12646,2,0,0,0,0,2,0,0,,0,0,6
12647,2,0,2,2,0,2,0,0,,0,0,6
12648,2,0,0,2,0,2,0,0,,0,0,6
12649,2,0,0,0,0,4,0,0,,0,0,10
12650,2,0,2,2,0,4,0,0,,0,0,10
12651,2,0,2,2,0,4,0,0,,0,0,6
12652,2,0,0,2,0,2,0,0,,0,0,8
12653,2,0,2,2,0,4,0,0,,0,2,10
12654,2,0,0,0,0,4,0,0,,0,0,8
12655,2,0,2,2,0,2,0,0,,0,0,6
12656,2,0,0,2,0,2,0,0,,0,0,8
12657,2,0,2,0,0,4,0,0,,0,0,8
12658,2,0,2,2,0,2,0,0,,0,0,6
12659,2,0,0,2,0,4,0,0,,0,0,10
12660,2,0,2,0,0,2,0,0,,0,0,4
12661,2,0,0,2,0,2,0,0,,0,0,6
12662,2,0,2,2,0,2,0,0,,0,0,6
12663,2,0,0,0,0,2,0,0,,0,0,4
12664,2,0,0,0,0,4,0,0,,0,0,8
12665,2,0,2,2,0,4,0,0,,0,0,6
12666,2,0,0,0,0,4,0,0,,0,0,8
12667,2,0,0,0,0,4,0,0,,0,0,10
12668,2,0,2,0,0,4,0,0,,0,0,8
12669,2,0,2,2,0,4,0,0,,0,0,10
12670,2,2,0,2,0,4,0,0,,0,0,12
12671,0,2,2,0,0,4,0,0,,0,0,4
12672,2,0,0,2,0,4,0,0,,0,0,10
12673,2,0,2,2,0,4,0,0,,0,0,8
12674,2,0,2,0,0,4,0,0,,0,0,8
12675,2,0,0,2,0,4,0,0,,0,0,10
12676,2,0,2,0,0,4,0,0,,0,0,6
12677,2,0,0,2,0,4,0,0,,0,0,10
12678,2,0,2,2,0,4,0,0,,0,0,8
12679,2,0,0,0,0,2,0,0,,0,0,4
12680,2,0,0,2,0,4,0,0,,0,0,6
12681,2,0,0,2,0,4,2,0,,0,0,12
12682,2,0,2,0,0,4,0,0,,0,0,6
12683,2,0,0,0,0,4,0,0,,0,0,8
12684,2,0,2,2,0,2,0,0,,0,0,6
12685,2,0,2,0,0,4,0,0,,0,0,8
12686,2,0,0,0,0,4,0,0,,0,0,10
12687,2,0,2,0,0,4,0,0,,0,0,6
12688,2,0,0,2,0,4,0,0,,0,0,6
12689,2,0,0,2,0,2,0,0,,0,0,8
12690,2,0,2,0,0,2,0,0,,0,0,6
12691,2,0,0,0,0,2,0,0,,0,0,6
12692,2,0,2,2,0,2,0,0,,0,0,4
12693,2,0,0,2,0,4,0,0,,0,0,8
12694,2,0,2,0,0,2,0,0,,0,0,8
12695,2,0,2,0,0,2,0,0,,0,0,8
12696,2,0,2,0,0,2,0,0,,0,0,4
12697,2,0,0,2,0,4,0,0,,0,0,8
12698,2,0,2,2,0,4,0,0,,0,0,8
12699,2,0,0,0,0,4,0,0,,0,0,10
12700,2,0,2,0,0,4,0,0,,0,0,10
12701,2,0,2,2,0,4,0,0,,0,0,6
12702,2,0,0,2,0,4,0,0,,0,0,10
12703,2,0,2,2,0,4,0,0,,0,0,8
12704,2,0,0,0,0,2,0,0,,0,0,4
12705,2,0,0,2,0,2,0,0,,0,0,6
12706,2,0,0,2,0,4,0,0,,0,0,8
12707,2,0,0,0,0,4,0,0,,0,0,8
12708,2,0,2,2,0,4,0,0,,0,0,10
12709,2,0,2,2,0,4,0,0,,0,0,8
12710,0,0,0,0,0,2,0,0,,0,0,4
12711,2,0,2,2,0,2,0,0,,0,0,8
12712,2,0,2,2,0,2,0,0,,0,0,8
12713,2,0,2,0,0,4,0,0,,0,0,10
12714,2,0,2,2,0,2,0,0,,0,0,4
12715,2,0,0,2,0,4,0,0,,0,0,8
12716,2,0,2,2,0,4,0,0,,0,0,8
12717,2,0,0,0,0,4,0,0,,0,0,6
12718,2,0,0,0,0,4,0,0,,0,0,8
12719,2,0,2,2,0,2,0,0,,0,0,8
12720,2,0,2,0,0,2,0,0,,0,0,6
12721,2,0,0,0,0,4,0,0,,0,0,8
12722,2,0,2,2,0,4,0,0,,0,0,8
12723,2,0,0,2,0,4,0,0,,0,0,10
12724,2,0,2,0,0,2,0,0,,0,0,4
12725,2,0,0,2,0,2,0,0,,0,0,6
12726,2,0,0,2,0,4,0,0,,0,0,10
12727,2,0,2,0,0,4,0,0,,0,0,8
12728,2,0,0,2,0,4,0,0,,0,0,10
12729,2,0,2,2,0,4,0,0,,0,0,8
12730,2,0,2,2,0,4,0,0,,0,0,6
12731,2,0,0,2,0,4,0,0,,0,0,10
12732,2,0,2,0,0,2,0,0,,0,0,6
12733,2,0,0,0,0,4,0,0,,0,0,8
12734,2,0,2,2,0,2,0,0,,0,0,6
12735,2,0,0,2,0,4,0,0,,0,0,8
12736,2,0,0,0,0,2,0,0,,0,0,8
12737,2,0,2,2,0,2,0,0,,0,0,4
12738,2,0,0,2,0,4,0,0,,0,0,8
12739,2,0,0,2,0,2,0,0,,0,0,8
12740,2,0,2,0,0,2,0,0,,0,0,4
12741,2,0,0,2,0,2,0,0,,0,0,4
12742,2,0,0,2,0,4,0,0,,0,0,6
12743,2,0,0,0,0,4,0,0,,0,0,8
12744,2,0,2,0,0,2,0,0,,0,0,8
12745,2,0,2,0,0,4,0,0,,0,0,8
12746,2,0,0,0,0,2,0,0,,0,0,8
12747,2,0,2,2,0,4,0,0,,0,0,6
12748,2,0,0,2,0,4,0,0,,0,0,10
12749,2,0,2,2,0,4,0,0,,0,0,10
12750,2,0,2,0,0,4,0,0,,0,0,6
12751,2,0,0,2,0,2,0,0,,0,0,6
12752,0,0,2,2,0,4,0,0,,0,0,6
12753,2,0,0,0,0,4,0,0,,0,0,10
12754,2,0,2,0,0,2,0,0,,0,0,4
12755,2,0,0,2,0,4,0,0,,0,0,8
12756,2,0,0,2,0,2,0,0,,0,0,6
12757,2,0,0,0,0,4,0,0,,0,0,6
12758,2,0,0,2,0,2,2,0,,0,0,10
12759,2,0,2,2,0,4,0,0,,0,0,6
12760,2,0,0,0,0,2,0,0,,0,0,6
12761,2,0,0,2,0,4,0,0,,0,0,10
12762,2,0,2,0,0,4,0,0,,0,0,6
12763,2,0,0,2,0,4,0,0,,0,0,10
12764,2,0,2,2,0,2,0,0,,0,0,8
12765,2,0,2,0,0,4,0,0,,0,0,6
12766,2,0,0,2,0,4,0,0,,0,0,10
12767,2,0,2,2,0,2,0,0,,0,0,6
12768,2,0,0,0,0,2,0,0,,0,0,6
12769,2,0,2,2,0,4,0,0,,0,0,10
12770,2,0,2,2,0,2,0,0,,0,0,8
12771,2,0,2,0,0,2,0,0,,0,0,6
12772,2,0,0,2,0,2,0,0,,0,0,6
12773,2,0,2,2,0,2,0,0,,0,0,4
12774,2,0,0,2,0,4,0,0,,0,0,8
12775,2,0,2,0,0,2,0,0,,0,0,10
12776,2,2,2,0,0,2,0,0,,0,0,8
12777,2,2,0,0,0,4,0,0,,0,2,10
12778,2,0,0,2,0,4,0,0,,0,0,8
12779,2,0,2,2,0,4,0,0,,0,0,8
12780,2,0,0,2,0,4,0,0,,0,0,6
12781,2,0,0,0,0,4,0,0,,0,0,8
12782,2,0,0,2,0,4,0,0,,0,0,8
12783,2,0,0,0,0,4,0,0,,0,0,8
12784,2,0,2,2,0,2,0,0,,0,0,6
12785,2,0,0,2,0,2,0,0,,0,0,4
12786,2,0,0,0,0,2,0,0,,0,0,8
12787,2,0,2,2,0,4,0,0,,0,0,8
12788,2,0,0,0,0,4,0,0,,0,0,8
12789,2,0,2,2,0,4,0,0,,0,0,6
12790,2,0,0,2,0,2,0,0,,0,0,6
12791,2,0,0,0,0,2,0,0,,0,0,8
12792,2,0,2,0,0,4,0,0,,0,0,6
12793,2,0,0,2,0,2,0,0,,0,0,8
12794,2,0,2,2,0,4,0,0,,0,0,6
12795,0,0,0,0,0,4,0,0,,0,2,10
12796,2,0,2,2,0,2,0,0,,0,0,6
12797,2,0,2,0,0,2,0,0,,0,0,6
12798,2,0,0,2,0,4,0,0,,0,0,10
12799,2,0,2,0,0,4,0,0,,0,0,6
12800,2,0,0,2,0,2,0,0,,0,0,6
12801,2,0,2,2,0,2,0,0,,0,0,4
12802,2,0,0,0,0,4,0,0,,0,0,8
12803,2,0,0,0,0,2,0,0,,0,0,4
12804,2,0,0,0,0,4,0,0,,0,0,10
12805,2,0,2,2,0,4,0,0,,0,2,10
12806,2,0,2,0,0,4,0,0,,0,0,10
12807,2,0,2,2,0,2,0,0,,0,0,6
12808,2,0,0,0,0,4,0,0,,0,0,10
12809,2,0,2,2,0,4,0,0,,0,0,6
12810,2,0,0,2,0,4,0,0,,0,0,8
12811,2,0,2,2,0,4,0,0,,0,0,8
12812,2,0,2,0,0,2,0,0,,0,0,6
12813,2,0,2,0,0,2,0,0,,0,0,6
12814,2,0,0,0,0,4,0,0,,0,0,6
12815,2,0,0,0,0,2,0,0,,0,0,6
12816,2,0,2,2,0,2,0,0,,0,0,8
12817,2,0,2,0,0,2,0,0,,0,0,6
12818,2,0,2,0,0,2,0,0,,0,0,4
12819,2,0,0,2,0,4,0,0,,0,0,10
12820,2,0,2,0,0,2,0,0,,0,0,6
12821,2,0,0,0,0,2,0,0,,0,0,8
12822,2,0,2,2,0,2,0,0,,0,0,8
12823,2,0,2,2,0,2,0,0,,0,0,4
12824,2,0,0,2,0,4,0,0,,0,0,10
12825,2,0,2,2,0,4,0,0,,0,0,8
12826,0,0,0,0,0,4,0,0,,0,0,6
12827,2,0,2,2,0,4,0,0,,0,0,8
12828,2,0,0,2,0,2,0,0,,0,0,4
12829,2,0,0,0,0,2,0,0,,0,0,6
12830,2,0,2,2,0,4,0,0,,0,0,8
12831,2,0,0,0,0,4,0,0,,0,0,8
12832,2,0,2,0,0,4,0,0,,0,0,6
12833,2,0,0,2,0,4,0,0,,0,0,8
12834,2,0,0,0,0,4,0,0,,0,0,10
12835,2,0,2,0,0,4,0,0,,0,0,10
12836,2,0,2,2,0,2,0,0,,0,0,8
12837,2,0,2,2,0,2,0,0,,0,0,4
12838,2,0,0,2,0,4,0,0,,0,0,10
12839,2,0,2,2,0,2,0,0,,0,0,6
12840,2,0,0,0,0,4,0,0,,0,0,6
12841,2,0,0,2,0,4,0,0,,0,0,10
12842,2,0,2,2,0,2,0,0,,0,0,4
12843,2,0,0,0,0,2,0,0,,0,0,6
12844,2,0,2,2,0,2,0,0,,0,0,6
12845,2,0,0,0,0,2,0,0,,0,0,4
12846,2,0,0,0,0,2,0,0,,0,0,6
12847,2,0,2,2,0,4,0,0,,0,0,8
12848,2,0,0,0,0,2,0,0,,0,0,8
12849,2,0,2,0,0,2,0,0,,0,0,4
12850,2,0,0,2,0,4,0,0,,0,0,10
12851,2,0,2,2,0,4,0,0,,0,0,8
12852,2,0,2,0,0,2,2,0,,0,0,8
12853,2,0,0,2,0,4,0,0,,0,0,8
12854,2,0,0,0,0,2,0,0,,0,0,6
12855,2,0,2,2,0,4,0,0,,0,0,8
12856,2,0,2,2,0,2,0,0,,0,0,6
12857,2,0,0,0,0,2,0,0,,0,0,8
12858,2,0,2,0,0,4,0,0,,0,0,6
12859,2,0,0,2,0,4,0,0,,0,0,10
12860,2,0,2,2,0,2,0,0,,0,0,4
12861,2,0,0,0,0,4,0,0,,0,0,8
12862,2,0,0,2,0,4,0,0,,0,0,10
12863,2,0,2,0,0,2,0,0,,0,0,4
12864,2,0,0,2,0,4,0,0,,0,0,8
12865,2,0,2,2,0,2,0,0,,0,0,6
12866,2,0,0,0,0,2,0,0,,0,0,4
12867,2,0,0,0,0,4,0,0,,0,0,8
12868,2,0,0,2,0,2,0,0,,0,0,6
12869,2,0,2,0,0,2,0,0,,0,0,6
12870,0,0,2,2,0,4,0,0,,0,0,6
12871,2,0,0,0,0,4,0,0,,0,0,8
12872,2,0,0,0,0,4,0,0,,0,0,6
12873,2,0,0,2,0,4,0,0,,0,0,10
12874,2,0,2,2,0,2,0,0,,0,0,6
12875,2,0,0,0,0,2,0,0,,0,0,6
12876,2,0,2,2,0,2,0,0,,0,0,6
12877,2,0,0,2,0,2,0,0,,0,0,4
12878,2,0,0,0,0,2,0,0,,0,0,6
12879,2,0,2,2,0,4,0,0,,0,0,8
12880,2,0,0,0,0,2,0,0,,0,0,4
12881,2,0,0,0,0,2,0,0,,0,0,6
12882,2,0,2,2,0,4,0,0,,0,0,10
12883,2,0,2,0,0,2,0,0,,0,0,4
12884,2,0,0,0,0,4,0,0,,0,0,10
12885,2,0,2,2,0,4,0,0,,0,0,8
12886,2,0,0,0,0,4,0,0,,0,0,8
12887,2,0,2,2,0,4,0,0,,0,0,10
12888,2,0,2,2,0,4,0,0,,0,0,8
12889,2,0,0,0,0,4,0,0,,0,0,8
12890,2,0,2,2,0,4,0,0,,0,0,6
12891,2,0,0,2,0,4,0,0,,0,0,8
12892,2,0,0,0,0,4,0,0,,0,0,10
12893,2,0,2,0,0,4,0,0,,0,0,8
12894,2,0,2,2,0,4,0,0,,0,0,8
12895,2,0,0,2,0,4,0,0,,0,0,8
12896,2,0,2,0,0,2,0,0,,0,0,6
12897,2,0,2,2,0,4,0,0,,0,0,6
12898,2,0,0,0,0,4,0,0,,0,0,8
12899,2,0,0,0,0,4,0,0,,0,0,8
12900,2,0,2,0,0,4,0,0,,0,0,6
12901,2,0,0,2,0,4,0,0,,0,0,8
12902,2,2,0,0,0,4,0,0,,0,0,12
12903,2,2,2,0,0,4,0,0,,0,0,6
12904,2,0,0,0,0,4,0,0,,0,0,6
12905,2,0,0,2,0,4,0,0,,0,0,10
12906,2,0,2,0,0,4,0,0,,0,0,6
12907,2,0,0,0,0,4,0,0,,0,0,8
12908,2,0,0,2,0,4,0,0,,0,0,8
12909,2,0,0,0,0,2,0,0,,0,0,6
12910,0,0,2,2,0,4,0,0,,0,0,6
12911,2,0,0,2,0,2,0,0,,0,0,8
12912,2,0,2,0,0,2,0,0,,0,0,6
12913,2,0,0,2,0,2,0,0,,0,0,6
12914,2,0,2,2,0,2,0,0,,0,0,6
12915,2,0,2,2,0,2,0,0,,0,0,6
12916,2,0,0,0,0,2,0,0,,0,0,6
12917,2,0,2,0,0,2,0,0,,0,0,4
12918,2,0,0,2,0,2,2,0,,0,0,8
12919,2,0,0,0,0,2,0,0,,0,0,4
12920,2,0,0,0,0,4,0,0,,0,0,8
12921,4,0,2,2,0,2,0,0,,0,0,8
12922,2,0,0,0,0,2,0,0,,0,0,6
12923,2,0,2,0,0,4,0,0,,0,0,6
12924,2,0,0,2,0,4,0,0,,0,0,10
12925,2,0,2,0,0,2,0,0,,0,0,4
12926,2,0,0,0,0,4,0,0,,0,0,6
12927,2,0,0,2,0,4,0,0,,0,0,8
12928,2,0,2,0,0,2,0,0,,0,0,6
12929,2,0,0,0,0,4,0,0,,0,0,8
12930,2,0,2,0,0,4,0,0,,0,0,8
12931,2,0,0,2,0,4,0,0,,0,0,8
12932,2,0,2,0,0,4,0,0,,0,0,10
12933,2,0,2,2,0,4,0,0,,0,0,8
12934,2,0,0,0,0,4,0,0,,0,0,8
12935,2,0,2,2,0,4,0,0,,0,0,6
12936,2,0,0,2,0,4,0,0,,0,0,10
12937,2,0,2,0,0,4,0,0,,0,0,10
12938,2,0,2,0,0,4,0,0,,0,0,6
12939,2,0,0,2,0,4,0,0,,0,0,8
12940,2,0,0,2,0,2,0,0,,0,0,6
12941,2,0,0,0,0,4,0,0,,0,0,8
12942,2,0,2,2,0,4,0,0,,0,0,8
12943,2,0,0,2,0,2,0,0,,0,0,6
12944,2,0,0,0,0,4,0,0,,0,0,8
12945,2,0,2,2,0,4,0,0,,0,0,8
12946,2,0,0,2,0,2,0,0,,0,0,6
12947,2,0,2,0,0,4,0,0,,0,0,10
12948,2,0,2,2,0,4,0,0,,0,0,8
12949,2,0,0,0,0,4,0,0,,0,0,8
12950,2,0,0,2,0,4,0,0,,0,0,8
12951,2,0,2,2,0,2,0,0,,0,0,6
12952,2,0,0,2,0,4,0,0,,0,0,10
12953,2,0,2,0,0,4,2,0,,0,0,8
12954,2,0,0,2,0,4,0,0,,0,0,10
12955,2,0,2,2,0,4,0,0,,0,0,8
12956,2,0,2,0,0,4,0,0,,0,0,8
12957,2,0,0,2,0,4,0,0,,0,0,8
12958,2,0,0,0,0,4,0,0,,0,0,8
12959,2,0,2,2,0,4,0,0,,0,0,8
12960,2,0,0,2,0,4,0,0,,0,0,6
12961,0,0,0,0,0,4,0,0,,0,0,6
12962,2,0,2,2,0,4,0,0,,0,0,8
12963,2,0,2,0,0,4,0,0,,0,0,10
12964,2,0,2,0,0,4,0,0,,0,0,6
12965,2,0,0,0,0,4,0,0,,0,0,8
12966,2,0,2,2,0,4,0,0,,0,0,8
12967,2,0,0,0,0,4,0,0,,0,0,8
12968,2,0,0,0,0,4,0,0,,0,0,8
12969,2,0,2,2,0,4,0,0,,0,0,8
12970,2,0,0,2,0,2,0,0,,0,0,8
12971,2,0,2,0,0,2,0,0,,0,0,6
12972,2,0,0,2,0,2,0,0,,0,0,6
12973,2,0,2,2,0,2,0,0,,0,0,6
12974,2,0,2,2,0,4,0,0,,0,0,8
12975,2,0,0,0,0,2,0,0,,0,0,6
12976,2,0,2,0,0,2,2,0,,0,0,8
12977,2,0,0,2,0,4,0,0,,0,0,10
12978,2,0,2,0,0,4,0,0,,0,0,8
12979,2,0,2,2,0,4,0,0,,0,0,8
12980,2,0,0,2,0,4,0,0,,0,0,8
12981,2,0,0,0,0,4,0,0,,0,0,8
12982,2,0,2,2,0,4,0,0,,0,0,6
12983,2,0,0,2,0,4,0,0,,0,0,10
12984,2,0,2,0,0,4,0,0,,0,0,6
12985,2,0,0,0,0,2,0,0,,0,0,6
12986,2,0,0,2,0,4,0,0,,0,0,8
12987,2,0,2,0,0,4,0,0,,0,0,8
12988,2,0,0,2,0,4,0,0,,0,0,8
12989,2,0,2,0,0,4,0,0,,0,0,8
12990,2,0,0,2,0,4,0,0,,0,0,8
12991,2,0,2,0,0,4,0,0,,0,0,8
12992,2,0,0,2,0,4,0,0,,0,2,12
12993,2,0,2,0,0,4,0,0,,0,0,8
12994,2,0,0,2,0,4,0,0,,0,0,8
12995,2,0,2,2,0,4,0,0,,0,0,10
12996,64,0,2,2,0,4,0,0,,0,0,70
12997,73,0,0,0,0,2,0,0,,0,0,79
12998,75,0,2,2,0,4,0,0,,0,0,79
12999,79,0,0,2,0,4,0,0,,0,0,85
13000,79,0,2,2,0,2,2,0,,0,0,83
